Date,Price,Open,High,Low,Vol.,Change %
2019-05-17,1610.11,1599.32,1610.11,1599.32,9.75M,0.68%
2019-05-16,1599.19,1609.22,1610.78,1599.19,98.56M,-0.76%
2019-05-15,1611.43,1601.43,1617.43,1601.04,151.70M,0.77%
2019-05-14,1599.19,1580.85,1603.72,1572.03,179.36M,-0.12%
2019-05-13,1601.09,1610.55,1611.47,1598.60,110.39M,-0.57%
2019-05-10,1610.27,1615.91,1620.40,1610.27,101.87M,-0.51%
2019-05-09,1618.53,1629.61,1630.44,1618.33,137.54M,-0.92%
2019-05-08,1633.55,1635.56,1635.56,1627.38,152.14M,-0.36%
2019-05-07,1639.37,1626.77,1641.86,1626.06,170.56M,0.40%
2019-05-06,1632.80,1632.04,1633.66,1623.61,66.59M,-0.27%
2019-05-03,1637.30,1631.53,1637.41,1625.56,85.12M,0.31%
2019-05-02,1632.24,1642.46,1644.35,1631.27,90.61M,-0.61%
2019-04-30,1642.29,1634.62,1643.45,1634.54,144.27M,0.30%
2019-04-29,1637.40,1637.30,1637.49,1631.83,65.39M,-0.06%
2019-04-26,1638.38,1638.66,1639.18,1632.58,118.49M,0.17%
2019-04-25,1635.68,1637.34,1640.13,1632.51,124.14M,-0.14%
2019-04-24,1638.01,1633.70,1640.96,1633.70,138.70M,0.65%
2019-04-23,1627.44,1624.12,1629.42,1620.93,109.46M,0.33%
2019-04-22,1622.06,1622.56,1630.91,1621.16,118.62M,0.00%
2019-04-19,1622.07,1620.64,1625.22,1618.69,78.12M,0.14%
2019-04-18,1619.73,1617.67,1620.55,1609.83,142.40M,-0.07%
2019-04-17,1620.90,1627.07,1627.77,1615.53,107.12M,-0.53%
2019-04-16,1629.46,1631.58,1635.47,1626.99,92.84M,-0.11%
2019-04-15,1631.33,1634.95,1638.87,1630.83,75.52M,0.07%
2019-04-12,1630.17,1624.53,1631.09,1623.44,103.88M,0.37%
2019-04-11,1624.23,1639.33,1639.33,1622.45,109.11M,-0.93%
2019-04-10,1639.46,1641.83,1642.13,1635.89,89.49M,-0.15%
2019-04-09,1641.94,1645.19,1645.56,1639.21,101.21M,-0.15%
2019-04-08,1644.35,1643.67,1645.72,1640.38,86.27M,0.15%
2019-04-05,1641.81,1645.08,1645.09,1640.30,67.53M,-0.20%
2019-04-04,1645.07,1644.01,1645.61,1637.57,109.91M,0.11%
2019-04-03,1643.21,1638.27,1645.54,1635.80,83.76M,0.64%
2019-04-02,1632.83,1633.83,1639.32,1630.98,104.63M,0.26%
2019-04-01,1628.66,1646.43,1647.59,1628.44,104.02M,-0.91%
2019-03-29,1643.63,1648.36,1649.60,1639.26,146.45M,0.14%
2019-03-28,1641.33,1642.90,1645.21,1638.69,94.50M,-0.09%
2019-03-27,1642.73,1649.17,1650.22,1641.89,100.60M,-0.44%
2019-03-26,1649.94,1647.82,1653.58,1647.11,107.09M,0.05%
2019-03-25,1649.15,1652.14,1654.26,1648.06,90.35M,-1.05%
2019-03-22,1666.66,1669.58,1673.45,1657.01,99.17M,0.18%
2019-03-21,1663.66,1687.64,1689.61,1663.66,122.64M,-1.22%
2019-03-20,1684.21,1683.78,1687.06,1680.29,96.77M,-0.21%
2019-03-19,1687.68,1692.48,1694.89,1687.68,72.91M,-0.19%
2019-03-18,1690.94,1681.83,1690.94,1681.36,90.65M,0.62%
2019-03-15,1680.54,1674.59,1683.25,1672.60,242.81M,0.36%
2019-03-14,1674.52,1675.66,1678.88,1673.47,111.79M,-0.22%
2019-03-13,1678.24,1671.13,1678.24,1669.92,109.37M,0.42%
2019-03-12,1671.28,1667.96,1672.94,1666.84,103.63M,0.40%
2019-03-11,1664.63,1680.14,1680.18,1664.63,126.19M,-0.91%
2019-03-08,1679.90,1686.13,1688.28,1678.66,114.74M,-0.42%
2019-03-07,1686.95,1682.33,1690.23,1682.33,110.67M,0.01%
2019-03-06,1686.82,1684.98,1688.33,1684.08,124.22M,0.07%
2019-03-05,1685.62,1682.19,1691.28,1682.19,109.52M,-0.49%
2019-03-04,1693.99,1688.22,1698.87,1688.22,101.62M,-0.40%
2019-03-01,1700.76,1700.45,1701.05,1696.71,132.88M,-0.41%
2019-02-28,1707.73,1715.38,1717.88,1706.92,214.74M,-0.33%
2019-02-27,1713.45,1717.14,1717.59,1709.30,120.55M,-0.32%
2019-02-26,1719.00,1725.57,1726.00,1715.15,123.35M,-0.32%
2019-02-25,1724.58,1722.34,1724.58,1717.41,111.66M,0.18%
2019-02-22,1721.42,1730.51,1732.27,1716.17,134.82M,-0.54%
2019-02-21,1730.68,1722.37,1730.68,1719.67,168.87M,0.26%
2019-02-20,1726.18,1712.83,1727.25,1711.44,185.23M,1.15%
2019-02-19,1706.56,1694.03,1710.14,1693.37,159.82M,0.82%
2019-02-18,1692.74,1693.92,1695.61,1690.19,94.07M,0.23%
2019-02-15,1688.83,1692.29,1693.85,1687.12,116.84M,-0.01%
2019-02-14,1689.06,1684.49,1689.06,1682.81,100.89M,0.22%
2019-02-13,1685.30,1687.73,1688.46,1683.61,104.80M,-0.13%
2019-02-12,1687.41,1692.22,1692.22,1683.73,113.23M,-0.07%
2019-02-11,1688.56,1688.70,1689.74,1681.64,88.50M,0.12%
2019-02-08,1686.52,1688.51,1690.43,1683.71,115.54M,-0.41%
2019-02-07,1693.39,1688.00,1693.48,1685.66,82.45M,0.58%
2019-02-04,1683.61,1698.97,1699.66,1683.61,57.22M,0.00%
2019-01-31,1683.53,1694.86,1695.40,1683.53,188.93M,-0.03%
2019-01-30,1684.11,1689.69,1691.23,1681.57,114.62M,-0.37%
2019-01-29,1690.41,1694.71,1694.71,1688.48,150.21M,-0.42%
2019-01-28,1697.50,1705.41,1705.50,1693.63,117.68M,-0.21%
2019-01-25,1701.03,1699.59,1701.03,1695.38,134.07M,0.44%
2019-01-24,1693.59,1689.30,1694.59,1686.87,158.05M,0.32%
2019-01-23,1688.14,1690.76,1691.23,1680.84,131.85M,-0.82%
2019-01-22,1702.12,1698.88,1702.12,1688.19,132.80M,0.59%
2019-01-18,1692.22,1682.08,1692.22,1681.89,137.84M,0.55%
2019-01-17,1682.97,1680.21,1684.24,1674.36,144.49M,0.59%
2019-01-16,1673.08,1675.78,1676.34,1668.43,115.06M,-0.38%
2019-01-15,1679.42,1674.83,1679.42,1672.55,140.31M,0.19%
2019-01-14,1676.16,1683.05,1684.19,1672.27,90.51M,-0.42%
2019-01-11,1683.22,1684.99,1684.99,1676.75,143.69M,0.26%
2019-01-10,1678.88,1677.38,1681.23,1669.28,161.03M,0.66%
2019-01-09,1667.83,1679.06,1684.08,1667.83,181.73M,-0.29%
2019-01-08,1672.76,1685.72,1686.37,1670.67,181.52M,-0.38%
2019-01-07,1679.17,1674.92,1687.13,1673.03,149.14M,0.56%
2019-01-04,1669.78,1672.58,1676.55,1668.15,66.88M,-0.36%
2019-01-03,1675.83,1675.16,1680.78,1666.22,71.63M,0.46%
2019-01-02,1668.11,1693.51,1694.10,1666.07,49.25M,-1.33%
2018-12-31,1690.58,1693.76,1701.10,1689.04,85.77M,-0.09%
2018-12-28,1692.07,1687.91,1694.08,1684.47,69.61M,0.08%
2018-12-27,1690.72,1679.71,1691.65,1677.33,60.99M,1.08%
2018-12-26,1672.60,1668.69,1674.85,1660.80,62.05M,-0.67%
2018-12-24,1683.82,1669.99,1683.82,1658.10,51.25M,0.81%
2018-12-21,1670.28,1645.32,1672.21,1642.79,162.97M,1.19%
2018-12-20,1650.56,1634.41,1651.63,1630.95,140.77M,-0.31%
2018-12-19,1655.66,1635.94,1655.66,1634.55,203.85M,1.24%
2018-12-18,1635.31,1628.47,1643.88,1626.93,131.72M,-0.38%
2018-12-17,1641.62,1649.28,1660.66,1641.62,70.48M,-1.22%
2018-12-14,1661.96,1670.05,1671.73,1661.30,102.10M,-0.84%
2018-12-13,1676.00,1671.11,1677.91,1670.12,125.27M,0.77%
2018-12-12,1663.27,1657.09,1667.70,1656.47,137.60M,0.64%
2018-12-11,1652.63,1656.55,1665.69,1652.63,113.35M,-0.64%
2018-12-10,1663.31,1674.67,1674.67,1662.81,89.62M,-1.03%
2018-12-07,1680.54,1681.37,1684.36,1676.60,90.54M,-0.17%
2018-12-06,1683.34,1683.35,1686.49,1670.88,130.71M,-0.29%
2018-12-05,1688.27,1683.58,1688.60,1683.03,103.93M,-0.40%
2018-12-04,1694.99,1696.81,1698.51,1688.88,170.22M,-0.28%
2018-12-03,1699.72,1685.74,1700.67,1685.74,195.27M,1.18%
2018-11-30,1679.86,1701.56,1702.98,1677.45,297.29M,-0.97%
2018-11-29,1696.34,1694.85,1702.63,1694.85,246.90M,0.58%
2018-11-28,1686.55,1685.80,1688.71,1678.48,226.40M,0.09%
2018-11-27,1684.97,1698.72,1699.09,1683.15,399.00M,-1.00%
2018-11-26,1701.99,1693.04,1701.99,1688.45,90.42M,0.36%
2018-11-23,1695.88,1696.47,1696.54,1689.14,50.93M,0.02%
2018-11-22,1695.62,1694.59,1701.74,1689.03,79.92M,0.01%
2018-11-21,1695.37,1694.57,1698.68,1689.68,117.06M,-0.90%
2018-11-19,1710.71,1712.81,1712.97,1698.51,104.05M,0.25%
2018-11-16,1706.38,1705.81,1708.96,1701.92,105.60M,0.72%
2018-11-15,1694.21,1686.43,1698.14,1685.20,116.54M,0.34%
2018-11-14,1688.41,1685.69,1688.41,1678.82,114.13M,0.05%
2018-11-13,1687.57,1686.66,1691.91,1680.09,130.64M,-0.51%
2018-11-12,1696.14,1704.08,1706.34,1696.14,81.28M,-0.70%
2018-11-09,1708.09,1719.28,1719.73,1705.10,117.85M,-0.77%
2018-11-08,1721.42,1725.96,1726.10,1718.47,172.47M,0.38%
2018-11-07,1714.88,1712.71,1715.98,1704.93,226.87M,0.36%
2018-11-05,1708.80,1720.07,1720.07,1699.60,532.39M,-0.30%
2018-11-02,1713.87,1710.98,1720.13,1705.31,157.40M,0.41%
2018-11-01,1706.92,1710.59,1711.39,1701.28,94.93M,-0.14%
2018-10-31,1709.27,1691.39,1711.95,1689.43,176.48M,1.38%
2018-10-30,1685.94,1688.18,1696.99,1680.97,96.80M,0.13%
2018-10-29,1683.73,1682.55,1686.83,1680.59,72.19M,0.04%
2018-10-26,1683.06,1690.48,1691.44,1678.35,100.07M,-0.21%
2018-10-25,1686.59,1679.36,1686.59,1670.34,170.81M,-0.20%
2018-10-24,1690.04,1697.10,1706.18,1689.53,118.64M,-0.45%
2018-10-23,1697.60,1721.50,1721.91,1697.60,133.94M,-1.44%
2018-10-22,1722.47,1730.26,1730.27,1722.12,91.09M,-0.56%
2018-10-19,1732.14,1733.71,1733.71,1718.13,125.45M,-0.34%
2018-10-18,1738.01,1738.40,1740.83,1735.07,127.68M,-0.15%
2018-10-17,1740.59,1741.53,1742.80,1737.29,125.30M,0.22%
2018-10-16,1736.84,1728.17,1736.84,1727.34,89.36M,0.47%
2018-10-15,1728.74,1729.40,1739.32,1726.25,123.19M,-0.12%
2018-10-12,1730.74,1703.92,1732.16,1703.92,171.94M,1.30%
2018-10-11,1708.49,1699.76,1708.77,1682.98,301.43M,-1.54%
2018-10-10,1735.18,1781.72,1781.79,1732.50,207.39M,-2.20%
2018-10-09,1774.15,1773.03,1776.68,1771.16,76.55M,-0.09%
2018-10-08,1775.75,1773.51,1778.19,1769.72,85.75M,-0.08%
2018-10-05,1777.15,1787.52,1787.52,1776.52,116.58M,-0.72%
2018-10-04,1790.11,1796.79,1798.24,1787.88,157.72M,-0.34%
2018-10-03,1796.30,1797.90,1799.80,1794.23,83.42M,-0.10%
2018-10-02,1798.15,1792.73,1798.15,1791.67,89.85M,0.32%
2018-10-01,1792.46,1795.99,1797.85,1792.15,71.54M,-0.04%
2018-09-28,1793.15,1795.91,1798.68,1791.10,176.95M,-0.31%
2018-09-27,1798.64,1795.95,1803.71,1793.83,110.25M,0.00%
2018-09-26,1798.72,1789.00,1800.70,1787.62,124.11M,0.24%
2018-09-25,1794.47,1798.14,1800.87,1794.47,107.04M,-0.32%
2018-09-24,1800.17,1809.23,1812.19,1797.35,91.38M,-0.58%
2018-09-21,1810.64,1811.68,1813.53,1809.44,319.99M,0.38%
2018-09-20,1803.70,1804.01,1810.21,1803.06,135.66M,0.17%
2018-09-19,1800.71,1794.72,1805.65,1794.61,118.65M,0.43%
2018-09-18,1792.94,1791.86,1797.97,1788.52,130.73M,-0.60%
2018-09-14,1803.76,1790.56,1804.89,1789.60,150.36M,0.62%
2018-09-13,1792.60,1786.95,1792.96,1777.45,170.22M,0.41%
2018-09-12,1785.25,1810.19,1822.68,1780.91,200.37M,-0.77%
2018-09-07,1799.17,1801.28,1802.12,1795.29,99.93M,0.03%
2018-09-06,1798.57,1795.82,1802.60,1794.79,118.42M,0.17%
2018-09-05,1795.50,1805.34,1807.92,1795.50,172.92M,-0.95%
2018-09-04,1812.76,1812.75,1813.94,1809.24,90.85M,-0.05%
2018-09-03,1813.58,1821.06,1822.52,1809.57,84.33M,-0.33%
2018-08-30,1819.66,1821.54,1823.24,1817.83,174.72M,-0.05%
2018-08-29,1820.64,1821.86,1822.43,1815.74,156.09M,-0.34%
2018-08-28,1826.90,1811.39,1826.90,1811.13,131.85M,0.84%
2018-08-27,1811.60,1807.60,1814.78,1804.89,108.23M,0.17%
2018-08-24,1808.59,1806.35,1808.59,1798.84,86.22M,-0.13%
2018-08-23,1810.87,1801.60,1810.87,1799.57,128.18M,0.71%
2018-08-21,1798.11,1790.25,1798.11,1788.86,119.27M,0.59%
2018-08-20,1787.58,1784.43,1791.14,1782.74,86.34M,0.23%
2018-08-17,1783.47,1780.64,1785.03,1780.26,106.45M,0.35%
2018-08-16,1777.27,1782.12,1782.28,1773.74,103.52M,-0.49%
2018-08-15,1785.94,1784.58,1789.05,1783.58,107.25M,0.12%
2018-08-14,1783.78,1779.79,1788.34,1778.20,136.27M,0.02%
2018-08-13,1783.34,1803.65,1804.41,1782.70,160.41M,-1.24%
2018-08-10,1805.75,1804.27,1812.69,1804.09,121.36M,0.04%
2018-08-09,1804.95,1803.54,1811.29,1803.00,116.67M,0.01%
2018-08-08,1804.73,1793.16,1804.73,1793.11,144.58M,0.76%
2018-08-07,1791.09,1784.34,1791.98,1782.22,126.33M,0.64%
2018-08-06,1779.75,1781.76,1782.19,1777.78,90.02M,-0.02%
2018-08-03,1780.09,1782.74,1782.77,1773.89,93.08M,0.11%
2018-08-02,1778.13,1788.31,1788.31,1775.85,109.62M,-0.57%
2018-08-01,1788.31,1777.85,1788.31,1777.58,107.86M,0.23%
2018-07-31,1784.25,1768.23,1784.25,1764.21,207.73M,0.79%
2018-07-30,1770.26,1767.59,1770.47,1764.28,108.14M,0.06%
2018-07-27,1769.14,1764.06,1769.14,1760.25,115.18M,0.16%
2018-07-26,1766.23,1768.32,1769.22,1762.15,144.19M,0.14%
2018-07-25,1763.78,1760.95,1766.05,1760.77,103.28M,0.05%
2018-07-24,1762.93,1757.54,1764.57,1756.90,112.76M,0.28%
2018-07-23,1757.96,1753.14,1760.84,1749.95,82.61M,0.19%
2018-07-20,1754.67,1758.51,1758.63,1749.52,111.67M,-0.26%
2018-07-19,1759.24,1754.19,1764.15,1754.18,152.83M,0.35%
2018-07-18,1753.07,1733.89,1753.07,1730.38,123.98M,0.91%
2018-07-17,1737.28,1727.04,1737.28,1726.04,108.40M,0.61%
2018-07-16,1726.67,1722.65,1726.67,1717.17,113.71M,0.28%
2018-07-13,1721.93,1710.67,1721.93,1706.61,153.63M,1.08%
2018-07-12,1703.57,1689.29,1704.87,1686.14,137.65M,0.88%
2018-07-11,1688.77,1683.05,1689.34,1679.18,96.64M,0.10%
2018-07-10,1687.13,1675.05,1687.13,1675.05,104.68M,0.87%
2018-07-09,1672.63,1663.96,1674.61,1662.58,104.21M,0.53%
2018-07-06,1663.86,1694.52,1694.81,1663.86,136.62M,-1.58%
2018-07-05,1690.65,1690.22,1691.62,1682.35,82.24M,0.13%
2018-07-04,1688.45,1682.96,1690.56,1680.61,117.84M,0.48%
2018-07-03,1680.37,1684.73,1689.91,1674.11,120.49M,-0.28%
2018-07-02,1685.05,1694.93,1697.15,1677.33,115.07M,-0.38%
2018-06-29,1691.50,1665.04,1701.65,1664.69,219.97M,1.55%
2018-06-28,1665.68,1659.17,1670.85,1657.78,113.96M,-0.02%
2018-06-27,1666.08,1674.24,1681.44,1666.08,135.77M,-0.58%
2018-06-26,1675.86,1679.24,1681.54,1673.26,135.52M,-0.13%
2018-06-25,1678.10,1707.02,1707.02,1678.10,137.71M,-0.95%
2018-06-22,1694.15,1682.97,1699.95,1678.03,169.63M,0.11%
2018-06-21,1692.32,1710.44,1710.71,1681.89,230.01M,-1.02%
2018-06-20,1709.75,1719.66,1728.69,1709.75,134.15M,-0.33%
2018-06-19,1715.36,1738.20,1739.25,1715.36,174.79M,-1.61%
2018-06-18,1743.43,1745.58,1748.67,1735.30,148.92M,-1.04%
2018-06-14,1761.78,1750.91,1762.22,1745.45,300.41M,-0.10%
2018-06-13,1763.57,1761.56,1764.50,1755.38,127.20M,-0.03%
2018-06-12,1764.16,1774.85,1776.10,1764.16,133.39M,-0.66%
2018-06-11,1775.80,1774.42,1788.16,1770.83,127.26M,-0.14%
2018-06-08,1778.32,1787.90,1789.20,1772.90,136.09M,-0.42%
2018-06-07,1785.81,1779.97,1801.42,1778.23,204.27M,0.49%
2018-06-06,1777.13,1753.66,1778.47,1751.03,195.29M,1.25%
2018-06-05,1755.14,1754.19,1756.77,1747.76,190.15M,0.00%
2018-06-04,1755.17,1761.61,1761.61,1745.75,196.15M,-0.07%
2018-06-01,1756.38,1739.93,1760.46,1737.72,197.07M,0.91%
2018-05-31,1740.62,1731.65,1754.44,1725.16,757.57M,1.24%
2018-05-30,1719.28,1759.56,1759.56,1709.51,368.57M,-3.18%
2018-05-28,1775.84,1793.45,1793.54,1774.40,163.54M,-1.20%
2018-05-25,1797.40,1792.80,1797.81,1785.12,222.82M,1.22%
2018-05-24,1775.66,1808.32,1809.90,1768.18,278.79M,-1.58%
2018-05-23,1804.25,1843.40,1843.40,1804.25,232.73M,-2.21%
2018-05-22,1845.03,1854.61,1854.61,1844.07,159.51M,-0.46%
2018-05-21,1853.58,1858.31,1864.94,1851.68,200.00M,-0.05%
2018-05-18,1854.50,1858.62,1862.19,1853.57,191.42M,0.00%
2018-05-17,1854.44,1864.78,1867.09,1854.44,201.65M,-0.21%
2018-05-16,1858.26,1851.83,1862.35,1841.83,174.58M,0.54%
2018-05-15,1848.20,1857.22,1860.59,1848.20,250.87M,-0.12%
2018-05-14,1850.42,1814.45,1876.62,1797.14,414.93M,0.21%
2018-05-08,1846.51,1819.95,1851.73,1819.28,185.27M,1.00%
2018-05-07,1828.20,1842.56,1842.56,1821.79,131.56M,-0.74%
2018-05-04,1841.83,1851.24,1852.75,1841.83,147.67M,-0.54%
2018-05-03,1851.80,1848.63,1856.92,1847.10,142.26M,-0.01%
2018-05-02,1852.03,1859.46,1860.82,1842.56,160.91M,-0.98%
2018-04-30,1870.37,1860.84,1873.39,1860.25,113.05M,0.37%
2018-04-27,1863.47,1864.24,1866.88,1856.59,113.82M,0.60%
2018-04-26,1852.27,1856.19,1863.57,1846.54,119.91M,0.02%
2018-04-25,1851.93,1863.48,1863.75,1850.28,112.88M,-0.72%
2018-04-24,1865.34,1883.75,1885.32,1865.34,132.71M,-0.80%
2018-04-23,1880.36,1890.46,1891.59,1878.37,83.68M,-0.39%
2018-04-20,1887.75,1895.55,1896.03,1883.82,123.82M,-0.39%
2018-04-19,1895.18,1888.83,1895.18,1883.65,173.95M,0.84%
2018-04-18,1879.32,1883.99,1884.84,1873.11,102.63M,-0.06%
2018-04-17,1880.49,1874.11,1885.12,1873.09,153.84M,0.09%
2018-04-16,1878.76,1868.69,1878.76,1867.21,100.15M,0.55%
2018-04-13,1868.47,1867.29,1871.13,1866.02,112.50M,-0.27%
2018-04-12,1873.62,1872.13,1873.62,1865.14,99.90M,0.20%
2018-04-11,1869.89,1863.30,1871.73,1863.30,141.26M,0.48%
2018-04-10,1860.98,1847.53,1860.98,1846.78,135.95M,0.61%
2018-04-09,1849.71,1837.68,1850.01,1833.14,109.44M,0.69%
2018-04-06,1837.01,1839.05,1839.07,1826.32,89.89M,0.05%
2018-04-05,1836.13,1824.46,1838.81,1824.42,103.33M,1.11%
2018-04-04,1815.94,1846.77,1851.74,1811.56,135.78M,-1.88%
2018-04-03,1850.78,1853.50,1858.78,1849.08,80.70M,-0.41%
2018-04-02,1858.35,1863.06,1864.17,1857.44,71.80M,-0.27%
2018-03-30,1863.46,1859.37,1866.35,1856.30,108.06M,0.38%
2018-03-29,1856.35,1859.34,1860.56,1854.50,123.71M,-0.08%
2018-03-28,1857.87,1858.53,1861.25,1855.12,98.90M,-0.25%
2018-03-27,1862.45,1862.15,1867.11,1861.56,95.70M,0.14%
2018-03-26,1859.91,1860.88,1862.41,1852.55,85.54M,-0.28%
2018-03-23,1865.22,1860.58,1867.16,1857.26,120.22M,-0.62%
2018-03-22,1876.87,1865.83,1876.87,1865.83,108.29M,0.59%
2018-03-21,1865.80,1859.53,1865.80,1856.84,145.43M,0.51%
2018-03-20,1856.39,1845.49,1856.39,1841.47,120.04M,0.46%
2018-03-19,1847.94,1846.92,1850.16,1845.45,80.54M,0.08%
2018-03-16,1846.39,1843.48,1851.75,1838.40,267.71M,0.06%
2018-03-15,1845.27,1854.12,1854.12,1845.27,124.08M,-0.63%
2018-03-14,1857.06,1862.49,1863.67,1855.14,87.68M,-0.37%
2018-03-13,1864.03,1855.08,1864.31,1853.97,93.26M,0.15%
2018-03-12,1861.22,1851.66,1861.23,1850.62,128.19M,0.94%
2018-03-09,1843.92,1842.10,1844.98,1840.18,97.85M,0.23%
2018-03-08,1839.62,1838.30,1846.67,1838.30,119.20M,0.09%
2018-03-07,1837.90,1847.02,1848.85,1834.66,171.96M,-0.57%
2018-03-06,1848.37,1848.18,1850.18,1845.76,155.25M,0.31%
2018-03-05,1842.62,1853.75,1853.75,1840.04,131.28M,-0.72%
2018-03-02,1856.07,1857.81,1860.64,1854.25,143.86M,-0.26%
2018-03-01,1860.86,1852.56,1862.81,1851.51,129.82M,0.25%
2018-02-28,1856.20,1871.40,1872.02,1856.20,242.49M,-0.82%
2018-02-27,1871.46,1867.15,1872.35,1865.79,169.21M,0.61%
2018-02-26,1860.08,1864.21,1867.98,1859.98,150.00M,-0.08%
2018-02-23,1861.50,1853.66,1864.95,1853.66,145.33M,0.35%
2018-02-22,1855.07,1854.25,1860.01,1854.03,96.80M,-0.17%
2018-02-21,1858.17,1853.51,1860.43,1852.14,121.20M,0.12%
2018-02-20,1855.99,1855.38,1861.10,1852.96,118.12M,-0.07%
2018-02-19,1857.32,1843.02,1858.23,1841.78,94.71M,1.04%
2018-02-15,1838.28,1840.73,1842.73,1837.99,60.28M,0.18%
2018-02-14,1834.93,1835.65,1837.80,1829.71,95.37M,0.10%
2018-02-13,1833.02,1833.81,1835.17,1830.28,134.76M,0.16%
2018-02-12,1830.17,1825.43,1834.45,1824.89,134.71M,0.57%
2018-02-09,1819.82,1806.81,1824.23,1806.25,164.48M,-1.07%
2018-02-08,1839.44,1837.70,1842.65,1834.83,117.05M,0.15%
2018-02-07,1836.68,1827.11,1841.08,1825.80,213.94M,1.34%
2018-02-06,1812.45,1814.43,1820.37,1795.85,334.63M,-2.19%
2018-02-05,1853.07,1847.85,1857.39,1842.06,173.87M,-0.93%
2018-02-02,1870.48,1875.34,1880.56,1863.43,212.85M,0.10%
2018-01-30,1868.58,1865.35,1872.70,1861.58,160.39M,-0.10%
2018-01-29,1870.52,1855.09,1870.52,1855.09,144.43M,0.90%
2018-01-26,1853.92,1843.95,1853.92,1842.56,123.88M,0.44%
2018-01-25,1845.86,1836.55,1845.86,1836.44,166.67M,0.48%
2018-01-24,1837.04,1838.12,1838.34,1834.49,119.19M,-0.05%
2018-01-23,1838.04,1836.10,1838.04,1830.98,145.43M,0.27%
2018-01-22,1833.15,1835.21,1835.21,1825.86,118.41M,0.24%
2018-01-19,1828.83,1823.39,1828.83,1821.68,153.95M,0.40%
2018-01-18,1821.60,1831.24,1831.32,1821.21,179.85M,-0.38%
2018-01-17,1828.63,1824.55,1828.63,1821.54,135.11M,0.14%
2018-01-16,1826.03,1827.68,1827.68,1818.64,151.67M,0.01%
2018-01-15,1825.91,1825.24,1827.85,1824.56,130.91M,0.18%
2018-01-12,1822.67,1825.01,1825.81,1818.78,159.97M,0.32%
2018-01-11,1816.88,1822.02,1823.31,1812.78,146.66M,-0.33%
2018-01-10,1822.92,1828.90,1830.63,1821.27,157.95M,-0.22%
2018-01-09,1826.95,1837.26,1840.35,1823.52,185.43M,-0.28%
2018-01-08,1832.15,1819.74,1832.15,1813.03,182.18M,0.78%
2018-01-05,1817.97,1804.79,1817.97,1803.81,186.35M,0.81%
2018-01-04,1803.45,1795.56,1803.45,1795.56,166.13M,0.59%
2018-01-03,1792.79,1785.79,1795.87,1785.21,172.97M,0.57%
2018-01-02,1782.70,1783.10,1783.48,1772.00,85.03M,-0.79%
2017-12-29,1796.81,1780.65,1796.81,1776.94,145.43M,1.00%
2017-12-28,1779.10,1771.95,1781.84,1769.60,102.17M,0.41%
2017-12-27,1771.76,1760.71,1771.76,1760.69,103.73M,0.67%
2017-12-26,1759.99,1758.51,1760.45,1753.25,100.97M,-0.01%
2017-12-22,1760.24,1752.85,1760.24,1748.49,89.82M,0.52%
2017-12-21,1751.21,1750.59,1752.25,1744.21,142.05M,0.26%
2017-12-20,1746.63,1735.92,1751.95,1735.44,135.78M,0.56%
2017-12-19,1736.95,1743.73,1744.39,1732.93,196.03M,-0.84%
2017-12-18,1751.64,1754.05,1755.20,1747.62,123.16M,-0.08%
2017-12-15,1753.07,1757.06,1760.02,1745.65,294.32M,-0.34%
2017-12-14,1759.00,1738.08,1759.75,1736.07,223.85M,1.23%
2017-12-13,1737.66,1728.84,1737.66,1725.95,175.20M,0.47%
2017-12-12,1729.57,1718.76,1729.57,1717.32,153.87M,0.59%
2017-12-11,1719.47,1720.93,1725.74,1718.30,131.93M,-0.10%
2017-12-08,1721.25,1721.28,1724.59,1718.88,185.29M,0.13%
2017-12-07,1719.05,1721.71,1723.40,1718.47,181.26M,0.04%
2017-12-06,1718.33,1720.73,1722.95,1715.10,176.06M,-0.38%
2017-12-05,1724.84,1708.48,1724.84,1708.48,133.14M,0.68%
2017-12-04,1713.13,1717.98,1717.99,1709.17,184.36M,-0.28%
2017-11-30,1717.86,1719.62,1727.62,1716.76,467.43M,-0.15%
2017-11-29,1720.38,1716.28,1720.57,1714.47,136.50M,0.35%
2017-11-28,1714.42,1716.12,1716.79,1709.94,113.57M,-0.32%
2017-11-27,1719.86,1718.37,1719.86,1712.97,95.88M,0.15%
2017-11-24,1717.23,1720.05,1720.38,1713.26,168.65M,-0.23%
2017-11-23,1721.27,1723.42,1728.18,1720.59,77.57M,-0.13%
2017-11-22,1723.54,1724.59,1727.77,1721.36,135.48M,0.17%
2017-11-21,1720.68,1718.83,1722.73,1716.45,109.98M,0.14%
2017-11-20,1718.36,1723.77,1725.35,1717.45,109.27M,-0.19%
2017-11-17,1721.66,1720.81,1725.69,1719.87,111.01M,0.21%
2017-11-16,1718.11,1723.04,1725.72,1716.97,149.58M,-0.28%
2017-11-15,1722.99,1733.90,1736.40,1722.99,146.08M,-0.61%
2017-11-14,1733.61,1743.27,1744.61,1733.31,130.60M,-0.22%
2017-11-13,1737.49,1743.14,1746.72,1737.49,101.43M,-0.27%
2017-11-10,1742.28,1746.53,1748.94,1740.94,93.71M,-0.26%
2017-11-09,1746.81,1743.73,1749.31,1742.32,110.22M,0.15%
2017-11-08,1744.20,1746.88,1749.83,1744.09,94.42M,-0.38%
2017-11-07,1750.94,1742.69,1750.94,1742.44,111.12M,0.50%
2017-11-06,1742.29,1743.25,1745.41,1741.43,87.27M,0.08%
2017-11-03,1740.93,1744.68,1744.79,1739.60,81.64M,-0.01%
2017-11-02,1741.05,1743.94,1747.17,1739.80,86.38M,-0.17%
2017-11-01,1743.93,1747.79,1748.80,1742.35,97.66M,-0.23%
2017-10-31,1747.92,1747.40,1751.26,1742.60,173.93M,-0.02%
2017-10-30,1748.35,1747.91,1750.85,1746.46,85.85M,0.13%
2017-10-27,1746.13,1741.34,1751.50,1739.89,154.38M,0.54%
2017-10-26,1736.80,1740.21,1740.84,1734.93,112.58M,-0.13%
2017-10-25,1739.05,1737.03,1740.51,1733.67,91.01M,0.17%
2017-10-24,1736.14,1742.44,1745.48,1736.10,103.65M,-0.31%
2017-10-23,1741.47,1742.29,1744.86,1741.38,90.17M,0.05%
2017-10-20,1740.65,1745.03,1745.41,1740.65,100.02M,-0.19%
2017-10-19,1743.99,1749.85,1750.59,1741.62,133.13M,-0.29%
2017-10-17,1748.99,1753.44,1755.43,1748.99,121.12M,-0.31%
2017-10-16,1754.37,1759.12,1759.31,1749.49,90.40M,-0.05%
2017-10-13,1755.32,1756.00,1756.17,1751.62,89.35M,0.08%
2017-10-12,1754.00,1760.32,1760.32,1751.20,110.12M,-0.18%
2017-10-11,1757.21,1761.12,1762.97,1752.90,115.49M,-0.22%
2017-10-10,1761.13,1760.69,1762.64,1758.54,77.97M,-0.16%
2017-10-09,1764.03,1763.65,1765.48,1762.26,77.61M,0.00%
2017-10-06,1764.00,1758.02,1764.00,1758.02,92.09M,0.28%
2017-10-05,1759.09,1760.56,1761.16,1757.61,79.55M,-0.16%
2017-10-04,1761.84,1759.81,1762.71,1758.82,79.43M,0.12%
2017-10-03,1759.67,1756.51,1759.78,1754.73,107.02M,0.28%
2017-10-02,1754.78,1755.22,1758.15,1750.94,101.46M,-0.05%
2017-09-29,1755.58,1760.25,1760.25,1753.00,131.05M,-0.14%
2017-09-28,1758.06,1765.83,1767.18,1758.06,129.85M,-0.35%
2017-09-27,1764.24,1767.62,1768.19,1762.09,119.06M,-0.08%
2017-09-26,1765.59,1768.55,1769.12,1761.21,149.95M,-0.20%
2017-09-25,1769.14,1771.39,1772.19,1768.16,146.72M,-0.11%
2017-09-21,1771.04,1775.45,1776.31,1770.70,120.50M,-0.14%
2017-09-20,1773.58,1777.03,1777.03,1770.44,137.85M,-0.17%
2017-09-19,1776.66,1783.68,1783.68,1775.30,104.92M,-0.39%
2017-09-18,1783.66,1782.93,1787.01,1780.20,71.28M,-0.15%
2017-09-15,1786.33,1783.99,1786.33,1776.87,182.23M,0.28%
2017-09-14,1781.37,1786.14,1788.47,1780.79,101.27M,-0.26%
2017-09-13,1786.07,1789.38,1793.22,1785.50,94.78M,-0.21%
2017-09-12,1789.86,1782.29,1789.86,1781.54,108.31M,0.40%
2017-09-11,1782.74,1780.27,1784.25,1778.27,102.03M,0.16%
2017-09-08,1779.90,1781.07,1782.81,1775.06,112.44M,-0.17%
2017-09-07,1782.98,1775.06,1782.98,1772.57,133.18M,0.59%
2017-09-06,1772.48,1768.83,1772.62,1767.07,92.87M,0.16%
2017-09-05,1769.63,1785.69,1785.69,1766.05,128.77M,-0.20%
2017-08-30,1773.16,1758.59,1773.16,1757.89,134.84M,0.68%
2017-08-29,1761.14,1766.87,1767.23,1756.92,104.95M,-0.47%
2017-08-28,1769.49,1766.59,1771.85,1765.65,76.61M,0.02%
2017-08-25,1769.17,1772.10,1773.69,1764.07,98.29M,-0.36%
2017-08-24,1775.50,1772.75,1775.76,1768.52,98.74M,0.14%
2017-08-23,1772.94,1775.35,1777.18,1770.95,101.36M,-0.07%
2017-08-22,1774.22,1771.47,1775.80,1771.39,99.27M,0.15%
2017-08-21,1771.62,1774.72,1775.80,1771.62,91.01M,-0.26%
2017-08-18,1776.22,1772.34,1776.22,1770.04,70.28M,-0.01%
2017-08-17,1776.31,1774.81,1776.31,1773.24,75.42M,0.14%
2017-08-16,1773.75,1772.89,1774.61,1771.60,76.66M,0.08%
2017-08-15,1772.39,1772.87,1773.66,1768.76,74.69M,0.07%
2017-08-14,1771.08,1766.50,1772.56,1766.37,84.12M,0.23%
2017-08-11,1766.96,1774.88,1775.34,1766.96,91.59M,-0.61%
2017-08-10,1777.77,1776.94,1778.18,1773.64,65.02M,-0.01%
2017-08-09,1777.94,1777.30,1779.77,1775.99,80.22M,-0.21%
2017-08-08,1781.65,1778.55,1782.63,1775.78,109.74M,0.21%
2017-08-07,1777.91,1775.52,1778.48,1771.90,78.03M,0.19%
2017-08-04,1774.53,1772.46,1774.53,1770.14,66.99M,0.15%
2017-08-03,1771.90,1770.81,1772.59,1768.05,70.09M,0.07%
2017-08-02,1770.61,1768.38,1771.32,1767.80,81.18M,0.31%
2017-08-01,1765.13,1765.03,1769.52,1762.88,114.83M,0.29%
2017-07-31,1760.03,1767.90,1768.10,1760.03,149.12M,-0.40%
2017-07-28,1767.08,1769.49,1772.30,1767.08,147.23M,-0.17%
2017-07-27,1770.07,1765.97,1772.03,1765.84,107.88M,0.23%
2017-07-26,1766.00,1766.04,1766.70,1760.82,77.19M,0.15%
2017-07-25,1763.34,1766.00,1766.47,1761.16,88.38M,0.08%
2017-07-24,1761.99,1761.35,1761.99,1757.22,89.49M,0.16%
2017-07-21,1759.16,1756.55,1759.16,1752.40,100.97M,0.20%
2017-07-20,1755.63,1759.85,1759.85,1753.96,117.69M,-0.09%
2017-07-19,1757.27,1753.74,1760.82,1753.74,106.53M,0.13%
2017-07-18,1754.92,1758.14,1758.14,1752.57,110.55M,-0.02%
2017-07-17,1755.19,1759.12,1759.52,1752.78,85.87M,0.01%
2017-07-14,1755.00,1756.82,1757.24,1751.69,103.44M,0.07%
2017-07-13,1753.78,1759.01,1760.66,1752.59,137.40M,-0.20%
2017-07-12,1757.24,1755.94,1757.24,1751.59,110.77M,0.13%
2017-07-11,1755.03,1754.62,1758.27,1752.74,96.94M,-0.12%
2017-07-10,1757.13,1759.10,1760.44,1754.57,86.36M,-0.16%
2017-07-07,1759.93,1768.07,1768.61,1759.46,90.84M,-0.60%
2017-07-06,1770.53,1768.00,1770.53,1765.75,109.97M,0.13%
2017-07-05,1768.16,1761.53,1768.16,1761.17,98.17M,0.35%
2017-07-04,1762.08,1767.65,1768.30,1762.08,109.72M,-0.37%
2017-07-03,1768.67,1761.73,1768.67,1756.37,114.57M,0.28%
2017-06-30,1763.67,1770.32,1772.59,1755.65,177.46M,-0.43%
2017-06-29,1771.36,1772.18,1775.85,1770.53,79.40M,0.01%
2017-06-28,1771.23,1787.19,1788.87,1770.78,121.10M,-0.46%
2017-06-23,1779.45,1778.35,1780.06,1775.74,92.31M,0.11%
2017-06-22,1777.43,1776.89,1778.68,1775.07,102.62M,0.10%
2017-06-21,1775.57,1780.31,1782.09,1773.66,146.47M,-0.29%
2017-06-20,1780.71,1786.72,1787.70,1780.71,134.89M,-0.46%
2017-06-19,1788.90,1792.13,1793.39,1785.25,93.35M,-0.13%
2017-06-16,1791.31,1791.31,1796.75,1787.84,202.14M,0.07%
2017-06-15,1790.01,1792.95,1795.01,1788.27,124.80M,-0.13%
2017-06-14,1792.35,1789.33,1793.07,1786.92,148.64M,0.44%
2017-06-13,1784.44,1789.70,1793.01,1784.31,155.55M,-0.25%
2017-06-09,1788.89,1782.86,1790.64,1781.23,117.79M,0.19%
2017-06-08,1785.57,1784.75,1789.02,1783.13,115.98M,-0.02%
2017-06-07,1785.92,1789.68,1792.65,1785.92,138.59M,-0.28%
2017-06-06,1791.01,1787.49,1795.00,1783.08,136.57M,0.17%
2017-06-05,1787.95,1777.37,1790.23,1775.02,146.28M,0.62%
2017-06-02,1776.95,1767.60,1776.95,1766.25,142.49M,0.78%
2017-06-01,1763.11,1764.57,1765.88,1759.73,130.49M,-0.16%
2017-05-31,1765.87,1766.42,1769.46,1761.11,412.52M,0.03%
2017-05-30,1765.34,1764.39,1767.40,1762.43,112.37M,0.03%
2017-05-29,1764.89,1774.25,1774.43,1764.89,94.49M,-0.42%
2017-05-26,1772.30,1773.90,1778.18,1769.47,132.48M,-0.09%
2017-05-25,1773.96,1774.30,1782.54,1773.22,175.44M,0.17%
2017-05-24,1771.01,1770.46,1776.24,1767.22,132.41M,0.22%
2017-05-23,1767.17,1775.58,1777.08,1767.17,116.55M,-0.44%
2017-05-22,1774.95,1772.15,1774.95,1768.98,103.01M,0.38%
2017-05-19,1768.28,1768.40,1771.50,1767.89,170.72M,0.06%
2017-05-18,1767.17,1765.38,1769.80,1762.04,124.05M,-0.48%
2017-05-17,1775.65,1779.74,1779.94,1770.22,121.24M,-0.14%
2017-05-16,1778.15,1785.03,1787.54,1773.09,155.83M,-0.03%
2017-05-15,1778.65,1775.40,1778.65,1771.87,113.27M,0.16%
2017-05-12,1775.87,1776.93,1778.64,1773.15,110.81M,0.03%
2017-05-11,1775.39,1776.29,1780.49,1774.59,198.64M,0.50%
2017-05-09,1766.56,1768.46,1770.43,1765.14,95.76M,-0.09%
2017-05-08,1768.15,1765.05,1768.15,1763.29,82.88M,0.31%
2017-05-05,1762.74,1758.83,1763.92,1757.54,108.91M,0.23%
2017-05-04,1758.67,1767.93,1768.71,1754.23,125.24M,-0.78%
2017-05-03,1772.51,1778.88,1784.79,1770.06,145.64M,-0.34%
2017-05-02,1778.47,1769.16,1781.55,1769.16,175.44M,0.59%
2017-04-28,1768.06,1767.98,1772.21,1765.57,162.82M,0.01%
2017-04-27,1767.92,1768.19,1770.90,1766.38,144.91M,-0.06%
2017-04-26,1768.92,1767.78,1769.68,1764.62,179.40M,0.18%
2017-04-25,1765.80,1765.08,1765.94,1758.47,187.37M,0.56%
2017-04-21,1756.05,1742.23,1756.05,1742.23,147.95M,0.83%
2017-04-20,1741.61,1737.90,1743.56,1736.40,132.12M,0.15%
2017-04-19,1738.95,1740.26,1741.47,1735.73,122.55M,-0.09%
2017-04-18,1740.60,1735.55,1741.51,1735.31,129.13M,0.38%
2017-04-17,1733.93,1731.13,1736.29,1729.13,84.65M,0.17%
2017-04-14,1730.99,1736.65,1736.88,1730.51,74.19M,-0.41%
2017-04-13,1738.18,1743.34,1743.34,1735.69,140.99M,-0.34%
2017-04-12,1744.08,1735.83,1744.08,1735.06,112.46M,0.47%
2017-04-11,1735.84,1739.35,1740.13,1733.79,112.14M,-0.21%
2017-04-10,1739.52,1739.73,1741.68,1736.72,100.88M,-0.13%
2017-04-07,1741.72,1740.82,1741.74,1736.21,177.78M,0.12%
2017-04-06,1739.56,1744.81,1744.81,1738.83,137.21M,-0.29%
2017-04-05,1744.67,1745.63,1747.01,1741.51,142.09M,-0.14%
2017-04-04,1747.19,1745.03,1747.19,1742.85,128.59M,0.10%
2017-04-03,1745.49,1742.38,1745.49,1737.77,110.12M,0.31%
2017-03-31,1740.09,1746.96,1748.19,1740.09,149.29M,-0.52%
2017-03-30,1749.25,1750.69,1751.07,1746.05,145.10M,-0.07%
2017-03-29,1750.41,1757.46,1759.76,1747.16,149.20M,-0.23%
2017-03-28,1754.42,1750.60,1756.27,1748.65,137.65M,0.54%
2017-03-27,1744.95,1745.08,1750.35,1744.33,112.49M,-0.05%
2017-03-24,1745.75,1748.15,1749.61,1745.43,138.12M,-0.07%
2017-03-23,1747.00,1750.66,1753.76,1747.00,217.04M,-0.07%
2017-03-22,1748.30,1747.75,1748.30,1738.40,174.33M,-0.36%
2017-03-21,1754.67,1749.42,1757.99,1748.82,174.02M,0.30%
2017-03-20,1749.41,1744.07,1755.26,1744.07,146.57M,0.24%
2017-03-17,1745.20,1742.38,1752.10,1739.65,352.59M,0.46%
2017-03-16,1737.14,1726.34,1738.02,1726.12,253.79M,1.15%
2017-03-15,1717.36,1717.17,1719.27,1713.92,105.55M,-0.30%
2017-03-14,1722.47,1722.45,1727.39,1719.12,160.94M,0.03%
2017-03-13,1721.92,1716.75,1722.25,1715.35,121.58M,0.25%
2017-03-10,1717.58,1716.34,1718.02,1713.55,137.48M,0.01%
2017-03-09,1717.42,1723.21,1724.40,1717.42,121.77M,-0.47%
2017-03-08,1725.54,1725.78,1730.16,1724.84,117.75M,-0.18%
2017-03-07,1728.66,1727.65,1734.07,1725.02,152.27M,0.08%
2017-03-06,1727.36,1706.59,1727.36,1706.21,160.45M,1.11%
2017-03-03,1708.38,1714.53,1716.03,1704.33,145.92M,-0.42%
2017-03-02,1715.67,1701.14,1717.14,1701.14,171.11M,1.06%
2017-03-01,1697.69,1694.64,1701.13,1692.33,133.21M,0.23%
2017-02-28,1693.77,1691.10,1697.25,1690.64,200.37M,0.00%
2017-02-27,1693.84,1697.90,1705.49,1693.84,124.30M,-0.27%
2017-02-24,1698.35,1706.48,1707.31,1696.48,167.86M,-0.36%
2017-02-23,1704.48,1709.54,1710.07,1702.54,147.79M,-0.21%
2017-02-22,1708.08,1708.69,1709.10,1704.42,166.34M,0.09%
2017-02-21,1706.55,1712.95,1719.76,1706.09,123.78M,-0.35%
2017-02-20,1712.58,1706.17,1713.61,1706.17,112.69M,0.29%
2017-02-17,1707.68,1705.81,1711.75,1705.79,163.06M,0.01%
2017-02-16,1707.59,1707.61,1709.36,1705.70,147.91M,-0.13%
2017-02-15,1709.79,1708.09,1713.47,1707.24,154.52M,0.05%
2017-02-14,1708.90,1709.97,1710.08,1703.59,152.55M,-0.08%
2017-02-13,1710.24,1701.14,1710.41,1700.97,142.25M,0.67%
2017-02-10,1698.94,1699.73,1702.27,1695.37,175.44M,0.62%
2017-02-08,1688.50,1687.14,1690.80,1686.03,151.93M,-0.02%
2017-02-07,1688.84,1687.73,1690.91,1684.84,113.21M,-0.14%
2017-02-06,1691.24,1686.07,1691.24,1684.63,114.86M,0.37%
2017-02-03,1685.01,1674.80,1685.01,1674.80,135.24M,0.69%
2017-02-02,1673.48,1670.40,1678.76,1667.68,168.89M,0.12%
2017-01-31,1671.54,1686.45,1686.83,1671.54,129.88M,-0.88%
2017-01-27,1686.36,1695.64,1695.72,1684.97,99.13M,-0.35%
2017-01-26,1692.22,1684.85,1692.22,1684.13,137.56M,0.49%
2017-01-25,1683.93,1683.46,1684.79,1681.10,142.50M,0.19%
2017-01-24,1680.69,1674.37,1680.69,1670.53,154.66M,0.56%
2017-01-23,1671.31,1665.92,1674.62,1664.35,118.56M,0.39%
2017-01-20,1664.89,1665.16,1667.92,1664.89,100.09M,-0.10%
2017-01-19,1666.51,1666.90,1667.23,1658.36,112.09M,0.09%
2017-01-18,1665.02,1663.38,1670.59,1663.38,94.64M,0.12%
2017-01-17,1663.03,1660.30,1664.90,1659.01,100.88M,0.25%
2017-01-16,1658.84,1672.02,1672.42,1658.84,121.08M,-0.82%
2017-01-13,1672.50,1677.68,1679.64,1672.50,131.21M,-0.31%
2017-01-12,1677.76,1675.64,1682.74,1673.44,160.39M,0.15%
2017-01-11,1675.21,1672.80,1675.59,1671.23,111.33M,0.19%
2017-01-10,1672.05,1668.36,1673.57,1665.94,146.55M,0.25%
2017-01-09,1667.90,1675.33,1675.69,1667.90,85.05M,-0.45%
2017-01-06,1675.49,1658.42,1675.49,1658.42,142.60M,0.94%
2017-01-05,1659.82,1647.99,1659.82,1647.99,115.87M,0.75%
2017-01-04,1647.47,1638.98,1647.47,1637.14,104.29M,0.73%
2017-01-03,1635.53,1636.94,1637.56,1630.67,61.04M,-0.38%
2016-12-30,1641.73,1637.45,1641.73,1630.03,138.81M,0.23%
2016-12-29,1637.93,1629.85,1640.53,1625.82,93.61M,0.47%
2016-12-28,1630.30,1620.89,1630.30,1619.09,99.25M,0.66%
2016-12-27,1619.68,1618.48,1622.66,1616.69,64.59M,0.16%
2016-12-23,1617.15,1622.09,1623.93,1616.54,72.51M,-0.37%
2016-12-22,1623.20,1629.03,1629.90,1622.59,80.11M,-0.39%
2016-12-21,1629.59,1638.82,1639.49,1629.59,109.40M,-0.30%
2016-12-20,1634.52,1633.56,1637.02,1632.48,88.53M,0.01%
2016-12-19,1634.30,1631.73,1636.55,1630.34,88.50M,-0.21%
2016-12-16,1637.79,1634.31,1637.79,1632.46,158.01M,0.05%
2016-12-15,1636.99,1635.74,1638.79,1629.86,119.98M,-0.38%
2016-12-14,1643.29,1645.72,1646.88,1639.93,132.46M,-0.12%
2016-12-13,1645.28,1651.45,1651.45,1641.93,154.00M,0.24%
2016-12-09,1641.42,1641.85,1641.85,1636.61,107.01M,-0.14%
2016-12-08,1643.75,1639.39,1643.75,1636.09,126.88M,0.69%
2016-12-07,1632.47,1633.15,1634.20,1627.86,109.65M,0.17%
2016-12-06,1629.73,1624.17,1629.73,1624.02,122.16M,0.29%
2016-12-05,1624.97,1630.56,1631.41,1624.97,103.44M,-0.24%
2016-12-02,1628.96,1627.51,1632.23,1626.38,118.50M,0.15%
2016-12-01,1626.44,1621.10,1628.62,1619.99,145.88M,0.45%
2016-11-30,1619.12,1627.57,1628.50,1616.08,327.00M,-0.48%
2016-11-29,1626.93,1629.97,1630.22,1625.39,139.15M,-0.11%
2016-11-28,1628.66,1625.37,1630.63,1623.62,103.87M,0.09%
2016-11-25,1627.26,1625.19,1627.42,1623.35,80.10M,0.19%
2016-11-24,1624.21,1629.37,1629.88,1623.61,86.69M,-0.38%
2016-11-23,1630.38,1631.30,1631.67,1622.49,122.84M,0.07%
2016-11-22,1629.32,1628.15,1632.71,1627.57,135.87M,0.13%
2016-11-21,1627.28,1621.42,1627.50,1621.42,89.23M,0.21%
2016-11-18,1623.80,1624.16,1626.52,1617.70,113.67M,-0.18%
2016-11-17,1626.77,1627.37,1629.81,1620.94,116.18M,-0.05%
2016-11-16,1627.63,1633.03,1637.40,1624.31,158.95M,-0.18%
2016-11-15,1630.56,1617.36,1635.04,1617.33,143.47M,0.86%
2016-11-14,1616.64,1628.43,1629.05,1614.11,168.18M,-1.07%
2016-11-11,1634.19,1646.74,1646.74,1625.10,232.34M,-1.12%
2016-11-10,1652.74,1652.37,1664.27,1652.37,168.15M,0.31%
2016-11-09,1647.62,1664.12,1665.36,1640.34,176.96M,-0.97%
2016-11-08,1663.82,1653.44,1663.82,1653.00,129.39M,0.80%
2016-11-07,1650.59,1643.45,1654.34,1643.07,115.34M,0.14%
2016-11-04,1648.24,1646.34,1651.32,1643.95,133.42M,0.01%
2016-11-03,1648.08,1658.19,1661.65,1648.08,145.78M,-0.69%
2016-11-02,1659.60,1669.81,1669.81,1656.50,130.89M,-0.68%
2016-11-01,1670.93,1673.56,1673.90,1670.88,97.82M,-0.09%
2016-10-31,1672.46,1676.83,1676.83,1664.74,132.93M,0.13%
2016-10-28,1670.27,1669.61,1671.72,1666.97,106.84M,0.07%
2016-10-27,1669.03,1673.95,1674.20,1666.25,102.30M,-0.29%
2016-10-26,1673.92,1675.17,1677.50,1672.35,113.03M,-0.21%
2016-10-25,1677.43,1677.44,1679.00,1673.18,129.19M,-0.02%
2016-10-24,1677.76,1668.77,1679.11,1667.55,115.58M,0.47%
2016-10-21,1669.98,1668.03,1671.57,1663.97,161.15M,0.17%
2016-10-20,1667.18,1667.09,1671.49,1666.95,88.35M,-0.07%
2016-10-19,1668.27,1667.25,1670.93,1664.91,97.75M,0.04%
2016-10-18,1667.57,1655.56,1667.57,1652.63,141.11M,0.84%
2016-10-17,1653.71,1661.13,1661.13,1653.71,110.33M,-0.32%
2016-10-14,1658.97,1665.13,1665.13,1658.97,108.77M,-0.36%
2016-10-13,1665.02,1667.30,1669.34,1660.04,145.79M,-0.12%
2016-10-12,1667.03,1665.48,1668.33,1663.78,119.08M,-0.10%
2016-10-11,1668.72,1664.89,1672.34,1664.79,146.64M,0.20%
2016-10-10,1665.32,1665.28,1669.46,1663.25,85.75M,0.00%
2016-10-07,1665.38,1668.94,1670.30,1661.59,112.87M,-0.08%
2016-10-06,1666.73,1663.95,1668.32,1662.72,144.55M,0.23%
2016-10-05,1662.92,1663.43,1664.25,1656.28,199.37M,0.10%
2016-10-04,1661.25,1658.36,1666.02,1658.02,158.05M,0.53%
2016-09-30,1652.55,1667.23,1669.85,1652.55,176.22M,-1.02%
2016-09-29,1669.64,1667.63,1671.32,1666.21,120.34M,0.28%
2016-09-28,1664.96,1664.77,1671.07,1663.88,140.32M,0.01%
2016-09-27,1664.72,1665.31,1666.69,1661.58,125.47M,-0.29%
2016-09-26,1669.50,1669.52,1671.46,1665.41,80.52M,-0.09%
2016-09-23,1670.99,1663.85,1672.28,1662.83,117.14M,0.08%
2016-09-22,1669.66,1661.23,1670.34,1661.21,143.61M,0.66%
2016-09-21,1658.73,1653.72,1659.21,1652.73,116.48M,0.18%
2016-09-20,1655.78,1656.91,1656.91,1645.18,106.16M,0.25%
2016-09-19,1651.71,1661.87,1661.87,1651.71,103.49M,-0.08%
2016-09-15,1652.99,1660.09,1663.32,1650.90,190.80M,-0.51%
2016-09-14,1661.39,1674.68,1674.68,1659.20,134.72M,-0.94%
2016-09-13,1677.18,1680.27,1682.41,1672.24,119.38M,-0.55%
2016-09-09,1686.44,1691.12,1691.12,1682.63,86.49M,-0.29%
2016-09-08,1691.38,1691.53,1692.12,1686.37,102.87M,0.11%
2016-09-07,1689.57,1680.35,1691.61,1680.09,106.03M,-0.02%
2016-09-06,1689.92,1674.68,1689.92,1673.10,111.89M,0.71%
2016-09-05,1678.08,1667.31,1679.57,1667.31,83.87M,0.38%
2016-09-02,1671.79,1674.60,1675.39,1668.87,94.26M,0.07%
2016-09-01,1670.55,1682.35,1682.35,1668.70,176.93M,-0.45%
2016-08-30,1678.06,1686.62,1688.00,1675.73,205.49M,-0.21%
2016-08-29,1681.60,1679.24,1685.18,1677.70,99.97M,-0.09%
2016-08-26,1683.09,1675.41,1683.38,1673.87,104.90M,0.17%
2016-08-25,1680.30,1679.80,1687.43,1678.27,133.71M,-0.10%
2016-08-24,1682.06,1680.17,1684.39,1678.93,93.86M,-0.06%
2016-08-23,1683.07,1684.75,1689.96,1680.00,117.09M,-0.47%
2016-08-22,1691.07,1682.94,1691.07,1682.59,75.15M,0.20%
2016-08-19,1687.68,1693.22,1694.88,1686.44,80.06M,-0.42%
2016-08-18,1694.87,1692.99,1694.87,1690.44,100.04M,0.03%
2016-08-17,1694.32,1695.57,1698.85,1692.20,117.88M,-0.33%
2016-08-16,1699.89,1683.94,1700.71,1683.76,181.56M,0.57%
2016-08-15,1690.33,1681.05,1690.33,1680.92,122.42M,0.37%
2016-08-12,1684.15,1681.11,1685.56,1679.95,150.66M,0.32%
2016-08-11,1678.80,1675.03,1678.80,1670.63,105.90M,0.34%
2016-08-10,1673.03,1668.87,1673.56,1666.51,104.66M,0.08%
2016-08-09,1671.71,1674.49,1674.49,1667.75,126.57M,-0.06%
2016-08-08,1672.68,1666.34,1672.68,1664.59,116.58M,0.52%
2016-08-05,1664.04,1655.24,1664.04,1653.43,130.36M,0.53%
2016-08-04,1655.29,1651.65,1655.29,1651.37,88.90M,0.41%
2016-08-03,1648.50,1657.44,1659.55,1648.45,102.38M,-0.71%
2016-08-02,1660.23,1664.31,1665.17,1657.78,124.49M,-0.30%
2016-08-01,1665.23,1657.18,1666.50,1656.55,144.82M,0.72%
2016-07-29,1653.26,1657.99,1662.06,1653.26,155.83M,-0.32%
2016-07-28,1658.50,1658.39,1659.55,1652.84,127.44M,-0.30%
2016-07-27,1663.56,1661.80,1664.76,1659.24,112.79M,0.13%
2016-07-26,1661.42,1666.99,1666.99,1660.51,105.34M,-0.41%
2016-07-25,1668.26,1657.64,1668.26,1657.47,110.23M,0.65%
2016-07-22,1657.42,1656.13,1659.76,1651.90,97.04M,-0.01%
2016-07-21,1657.54,1661.36,1663.99,1657.54,116.25M,-0.72%
2016-07-20,1669.61,1669.49,1669.80,1664.01,98.88M,-0.06%
2016-07-19,1670.55,1671.60,1674.58,1666.43,141.85M,-0.02%
2016-07-18,1670.84,1664.92,1671.87,1662.94,97.08M,0.15%
2016-07-15,1668.40,1660.46,1668.40,1659.40,137.84M,0.82%
2016-07-14,1654.78,1658.26,1659.52,1652.23,138.90M,-0.34%
2016-07-13,1660.39,1653.51,1660.39,1652.07,189.98M,0.39%
2016-07-12,1653.97,1653.58,1655.35,1647.88,120.00M,0.01%
2016-07-11,1653.87,1645.84,1656.49,1645.49,127.70M,0.57%
2016-07-08,1644.54,1655.60,1656.03,1640.68,122.95M,-0.37%
2016-07-05,1650.71,1653.00,1655.72,1647.45,51.78M,-0.25%
2016-07-04,1654.84,1649.34,1657.77,1648.00,103.24M,0.52%
2016-07-01,1646.22,1653.16,1654.28,1644.64,78.73M,-0.48%
2016-06-30,1654.08,1644.69,1654.17,1644.11,177.16M,0.72%
2016-06-29,1642.21,1634.16,1643.32,1630.51,123.41M,0.50%
2016-06-28,1634.04,1624.32,1635.86,1620.94,139.28M,0.28%
2016-06-27,1629.52,1627.69,1632.03,1618.25,113.20M,-0.28%
2016-06-24,1634.05,1639.84,1640.07,1611.88,179.83M,-0.36%
2016-06-23,1639.98,1640.67,1642.15,1634.94,120.19M,0.14%
2016-06-21,1637.69,1635.16,1637.69,1630.30,113.42M,0.21%
2016-06-20,1634.23,1624.93,1635.51,1624.54,118.07M,0.62%
2016-06-17,1624.18,1614.84,1624.31,1614.29,139.48M,0.57%
2016-06-16,1614.90,1628.89,1629.47,1613.79,137.58M,-0.80%
2016-06-15,1627.96,1620.92,1629.05,1619.78,114.14M,0.11%
2016-06-14,1626.11,1629.69,1629.69,1619.48,140.00M,-0.22%
2016-06-13,1629.77,1634.59,1634.59,1622.88,117.56M,-0.70%
2016-06-10,1641.22,1651.65,1651.79,1641.22,131.88M,-0.56%
2016-06-09,1650.51,1657.53,1664.04,1650.38,107.06M,-0.44%
2016-06-08,1657.85,1658.58,1663.16,1653.25,144.28M,-0.17%
2016-06-07,1660.62,1650.26,1660.62,1648.76,199.68M,0.71%
2016-06-06,1648.99,1633.38,1650.63,1633.38,100.49M,0.77%
2016-06-03,1636.46,1633.75,1638.57,1632.14,134.69M,0.36%
2016-06-02,1630.53,1625.83,1635.00,1624.44,152.27M,0.25%
2016-06-01,1626.50,1623.33,1629.11,1622.25,158.32M,0.03%
2016-05-31,1626.00,1628.77,1633.08,1624.34,834.20M,-0.24%
2016-05-30,1629.87,1632.68,1633.36,1623.91,139.22M,-0.45%
2016-05-27,1637.19,1631.11,1637.19,1630.24,141.17M,0.37%
2016-05-26,1631.09,1628.78,1638.17,1628.19,112.37M,0.01%
2016-05-25,1630.96,1630.01,1631.12,1623.58,126.60M,0.31%
2016-05-24,1625.84,1631.27,1631.76,1625.81,140.70M,-0.55%
2016-05-23,1634.89,1628.83,1634.89,1621.43,96.42M,0.37%
2016-05-20,1628.79,1634.83,1636.95,1628.79,129.47M,-0.30%
2016-05-19,1633.76,1621.08,1635.43,1621.08,158.84M,-0.12%
2016-05-18,1635.72,1624.75,1637.67,1621.46,157.09M,0.14%
2016-05-17,1633.39,1619.48,1634.41,1619.48,127.37M,0.75%
2016-05-16,1621.21,1628.52,1628.52,1611.91,148.40M,-0.43%
2016-05-13,1628.26,1643.66,1645.14,1618.93,309.83M,-1.26%
2016-05-12,1648.98,1640.09,1652.10,1639.17,125.75M,0.27%
2016-05-11,1644.58,1636.44,1646.96,1630.42,130.69M,0.53%
2016-05-10,1635.84,1628.90,1638.01,1614.40,158.04M,0.22%
2016-05-09,1632.19,1647.37,1651.61,1632.19,127.04M,-1.04%
2016-05-06,1649.36,1642.09,1651.42,1633.18,138.08M,0.26%
2016-05-05,1645.09,1653.05,1653.05,1641.75,148.19M,-0.75%
2016-05-04,1657.58,1644.77,1659.44,1636.05,186.12M,0.37%
2016-05-03,1651.44,1674.51,1676.03,1649.79,148.61M,-1.27%
2016-04-29,1672.72,1671.52,1672.72,1660.92,206.72M,-0.12%
2016-04-28,1674.76,1688.70,1695.73,1671.21,257.26M,-1.04%
2016-04-27,1692.34,1689.65,1694.91,1682.48,118.73M,-0.01%
2016-04-26,1692.50,1713.90,1714.10,1692.50,125.46M,-1.28%
2016-04-25,1714.51,1714.38,1717.00,1709.19,84.52M,-0.20%
2016-04-22,1717.96,1719.66,1720.08,1715.18,93.83M,-0.20%
2016-04-21,1721.47,1709.88,1721.47,1709.11,127.65M,0.73%
2016-04-20,1708.91,1713.36,1715.43,1704.70,134.44M,-0.13%
2016-04-19,1711.15,1713.87,1717.70,1708.30,119.29M,-0.38%
2016-04-18,1717.68,1719.79,1721.39,1710.44,121.46M,-0.60%
2016-04-15,1727.99,1722.46,1727.99,1721.10,121.47M,0.24%
2016-04-14,1723.78,1722.31,1729.13,1721.10,130.41M,0.04%
2016-04-13,1723.11,1719.47,1726.30,1717.86,140.81M,0.47%
2016-04-12,1715.00,1713.99,1716.66,1711.41,85.36M,-0.02%
2016-04-11,1715.28,1716.19,1716.19,1709.42,96.45M,-0.18%
2016-04-08,1718.40,1718.44,1721.14,1714.23,131.93M,-0.34%
2016-04-07,1724.29,1717.74,1724.29,1716.76,160.91M,0.42%
2016-04-06,1717.01,1713.83,1722.75,1713.83,161.80M,-0.06%
2016-04-05,1718.08,1719.00,1722.13,1716.42,116.42M,-0.42%
2016-04-04,1725.24,1709.00,1725.24,1709.00,121.76M,0.86%
2016-04-01,1710.55,1715.36,1720.27,1706.22,138.37M,-0.41%
2016-03-31,1717.58,1718.00,1719.74,1713.22,204.48M,-0.01%
2016-03-30,1717.82,1720.50,1724.13,1716.37,168.72M,0.16%
2016-03-29,1715.04,1700.67,1715.69,1699.30,148.18M,0.74%
2016-03-28,1702.41,1701.72,1702.81,1698.26,77.59M,-0.08%
2016-03-25,1703.79,1712.77,1712.89,1699.76,94.74M,-0.68%
2016-03-24,1715.53,1715.38,1720.98,1710.87,123.57M,-0.52%
2016-03-23,1724.55,1721.50,1726.55,1716.43,191.36M,-0.01%
2016-03-22,1724.75,1716.70,1724.75,1715.79,194.42M,0.37%
2016-03-21,1718.36,1714.36,1718.36,1707.11,150.73M,0.12%
2016-03-18,1716.34,1709.13,1716.34,1705.62,223.93M,0.77%
2016-03-17,1703.19,1696.62,1708.62,1695.86,177.08M,0.58%
2016-03-16,1693.43,1692.16,1697.26,1689.35,103.70M,0.15%
2016-03-15,1690.92,1695.61,1699.44,1689.33,110.25M,-0.55%
2016-03-14,1700.31,1696.20,1708.10,1695.95,107.01M,0.22%
2016-03-11,1696.54,1688.80,1698.15,1688.11,112.09M,0.33%
2016-03-10,1690.91,1684.69,1694.33,1684.10,119.84M,0.27%
2016-03-09,1686.35,1681.31,1686.35,1676.93,112.13M,-0.09%
2016-03-08,1687.86,1700.82,1706.08,1684.53,131.21M,-0.59%
2016-03-07,1697.93,1696.11,1710.20,1694.09,166.61M,0.32%
2016-03-04,1692.49,1686.48,1700.49,1685.73,169.31M,0.25%
2016-03-03,1688.20,1694.08,1699.96,1684.32,177.07M,-0.17%
2016-03-02,1691.03,1674.65,1691.03,1674.65,193.30M,1.21%
2016-03-01,1670.82,1658.42,1670.82,1655.47,115.27M,0.97%
2016-02-29,1654.75,1661.98,1664.11,1651.55,195.36M,-0.52%
2016-02-26,1663.44,1664.84,1665.64,1658.36,154.44M,0.32%
2016-02-25,1658.16,1664.97,1672.56,1658.16,148.61M,-0.36%
2016-02-24,1664.17,1676.43,1677.24,1664.17,111.28M,-0.78%
2016-02-23,1677.28,1674.88,1685.88,1674.20,120.31M,0.16%
2016-02-22,1674.59,1671.41,1679.96,1670.47,110.63M,-0.02%
2016-02-19,1674.88,1673.84,1685.23,1673.84,121.71M,-0.31%
2016-02-18,1680.02,1665.80,1685.65,1665.80,155.66M,0.94%
2016-02-17,1664.32,1658.75,1669.02,1658.27,112.01M,-0.04%
2016-02-16,1664.99,1651.43,1664.99,1651.35,142.56M,0.91%
2016-02-15,1649.96,1652.65,1661.34,1648.46,119.40M,0.38%
2016-02-12,1643.74,1643.66,1648.70,1638.50,125.27M,-0.01%
2016-02-11,1643.95,1644.60,1645.50,1638.88,106.50M,-0.03%
2016-02-10,1644.41,1670.93,1670.93,1644.41,92.41M,-1.09%
2016-02-05,1662.46,1654.60,1663.77,1653.68,138.21M,0.34%
2016-02-04,1656.77,1638.09,1656.82,1638.09,171.49M,1.44%
2016-02-03,1633.30,1636.66,1642.53,1631.11,143.32M,-1.20%
2016-02-02,1653.18,1663.99,1666.51,1651.29,222.93M,-0.88%
2016-01-29,1667.80,1635.34,1667.80,1631.62,412.28M,2.04%
2016-01-28,1634.53,1631.48,1639.03,1626.40,235.41M,0.18%
2016-01-27,1631.54,1627.30,1640.84,1627.30,123.92M,0.30%
2016-01-26,1626.66,1627.29,1627.44,1618.26,127.04M,0.09%
2016-01-25,1625.21,1609.40,1626.49,1609.40,147.21M,0.00%
2016-01-22,1625.21,1609.40,1626.49,1609.40,147.21M,1.52%
2016-01-21,1600.92,1616.12,1618.06,1600.92,142.48M,-1.11%
2016-01-20,1618.83,1628.16,1628.65,1618.32,149.77M,-0.64%
2016-01-19,1629.22,1622.37,1632.60,1621.86,128.01M,0.41%
2016-01-18,1622.64,1624.48,1625.46,1608.81,116.93M,-0.36%
2016-01-15,1628.55,1635.03,1639.12,1628.55,114.37M,-0.30%
2016-01-14,1633.44,1639.30,1639.30,1632.34,127.03M,-0.55%
2016-01-13,1642.54,1642.90,1646.48,1640.64,117.53M,0.07%
2016-01-12,1641.37,1636.93,1648.43,1636.93,149.63M,0.23%
2016-01-11,1637.59,1657.89,1657.89,1637.59,124.72M,-1.21%
2016-01-08,1657.61,1651.03,1664.53,1648.66,120.18M,0.15%
2016-01-07,1655.13,1663.36,1669.79,1655.13,147.35M,-0.77%
2016-01-06,1667.97,1667.87,1675.37,1661.69,134.55M,0.14%
2016-01-05,1665.70,1655.03,1673.17,1653.00,120.36M,0.75%
2016-01-04,1653.37,1686.82,1687.89,1653.37,104.31M,-2.31%
2015-12-31,1692.51,1692.50,1697.43,1688.74,84.17M,-0.04%
2015-12-30,1693.14,1686.95,1706.25,1686.85,125.47M,0.46%
2015-12-29,1685.36,1674.89,1686.40,1674.89,126.01M,0.88%
2015-12-28,1670.73,1659.57,1674.98,1658.80,122.14M,0.43%
2015-12-23,1663.51,1641.18,1663.51,1641.14,114.03M,1.23%
2015-12-22,1643.26,1634.34,1643.26,1630.97,105.31M,0.87%
2015-12-21,1629.09,1641.92,1641.92,1627.63,92.46M,-0.90%
2015-12-18,1643.90,1651.77,1651.77,1642.83,150.63M,-0.76%
2015-12-17,1656.52,1635.96,1656.52,1635.12,171.74M,1.37%
2015-12-16,1634.13,1637.84,1638.37,1628.76,127.11M,0.70%
2015-12-15,1622.84,1631.10,1633.35,1622.84,127.11M,-0.44%
2015-12-14,1629.96,1629.32,1635.28,1625.12,120.76M,-0.62%
2015-12-11,1640.14,1650.11,1650.14,1640.14,154.60M,-0.52%
2015-12-10,1648.65,1660.47,1661.19,1648.65,142.94M,-0.65%
2015-12-09,1659.36,1667.19,1668.46,1659.36,113.88M,-0.59%
2015-12-08,1669.24,1669.67,1672.04,1665.97,95.77M,-0.17%
2015-12-07,1672.00,1670.25,1675.96,1668.59,105.51M,0.25%
2015-12-04,1667.87,1670.80,1673.11,1667.14,106.95M,-0.36%
2015-12-03,1673.92,1671.99,1677.00,1671.43,121.30M,-0.17%
2015-12-02,1676.77,1682.53,1686.36,1676.77,111.33M,-0.33%
2015-12-01,1682.37,1670.29,1682.37,1667.16,179.23M,0.61%
2015-11-30,1672.16,1675.41,1675.41,1663.03,294.31M,-0.62%
2015-11-27,1682.59,1676.93,1684.63,1674.83,132.87M,-0.03%
2015-11-26,1683.09,1678.15,1688.79,1674.67,143.34M,-0.08%
2015-11-25,1684.42,1672.63,1684.77,1671.58,142.74M,0.44%
2015-11-24,1677.03,1678.68,1686.69,1677.03,142.98M,0.37%
2015-11-23,1670.90,1661.59,1673.92,1661.59,106.12M,0.54%
2015-11-20,1661.89,1660.17,1663.48,1657.13,104.97M,0.11%
2015-11-19,1660.06,1657.09,1664.30,1655.99,109.63M,0.21%
2015-11-18,1656.50,1661.41,1664.64,1656.27,111.19M,-0.30%
2015-11-17,1661.53,1661.28,1677.37,1660.07,128.89M,0.33%
2015-11-16,1656.00,1651.31,1658.80,1644.29,104.29M,-0.18%
2015-11-13,1658.91,1663.93,1664.59,1651.45,138.58M,-0.26%
2015-11-12,1663.20,1663.48,1670.03,1657.77,114.18M,-0.13%
2015-11-11,1665.32,1673.10,1674.68,1657.88,159.76M,-1.23%
2015-11-09,1686.11,1683.88,1686.32,1680.79,82.04M,0.02%
2015-11-06,1685.70,1686.35,1693.07,1685.08,108.19M,-0.17%
2015-11-05,1688.54,1683.43,1696.99,1679.91,134.99M,0.17%
2015-11-04,1685.62,1681.66,1687.95,1679.79,178.22M,0.48%
2015-11-03,1677.56,1665.07,1677.56,1665.07,131.21M,0.81%
2015-11-02,1664.07,1665.30,1667.43,1658.98,117.07M,-0.10%
2015-10-30,1665.71,1667.42,1673.26,1663.76,147.20M,-0.08%
2015-10-29,1666.98,1689.34,1691.28,1666.98,172.66M,-1.16%
2015-10-28,1686.51,1694.64,1694.98,1684.36,124.64M,-0.62%
2015-10-27,1696.95,1702.57,1703.75,1694.22,135.80M,-0.58%
2015-10-26,1706.79,1715.30,1715.95,1703.09,109.60M,-0.24%
2015-10-23,1710.93,1716.98,1717.49,1709.56,111.59M,0.34%
2015-10-22,1705.09,1701.69,1711.39,1701.69,106.40M,-0.12%
2015-10-21,1707.11,1700.36,1710.25,1695.38,126.64M,0.12%
2015-10-20,1705.03,1715.88,1716.46,1702.84,123.20M,-0.77%
2015-10-19,1718.20,1712.08,1727.41,1708.31,125.90M,0.08%
2015-10-16,1716.82,1717.01,1720.42,1713.67,141.99M,0.21%
2015-10-15,1713.25,1709.02,1721.34,1706.87,186.65M,0.12%
2015-10-13,1711.14,1710.50,1716.75,1705.30,165.92M,0.07%
2015-10-12,1709.86,1703.24,1719.90,1700.65,156.58M,0.19%
2015-10-09,1706.54,1702.78,1717.48,1702.52,242.57M,0.85%
2015-10-08,1692.20,1682.67,1701.21,1681.78,229.88M,0.17%
2015-10-07,1689.25,1658.65,1690.79,1657.73,275.43M,1.61%
2015-10-06,1662.51,1658.98,1662.96,1652.50,181.90M,0.91%
2015-10-05,1647.59,1629.59,1647.59,1629.15,141.78M,1.15%
2015-10-02,1628.80,1634.33,1634.89,1620.58,139.15M,-0.31%
2015-10-01,1633.93,1622.61,1635.13,1617.42,146.53M,0.80%
2015-09-30,1621.04,1602.52,1621.86,1601.54,220.88M,1.11%
2015-09-29,1603.32,1600.89,1604.94,1595.22,174.45M,-0.32%
2015-09-28,1608.43,1612.52,1613.96,1600.27,105.49M,-0.41%
2015-09-25,1615.01,1604.15,1617.44,1603.02,151.42M,0.11%
2015-09-23,1613.17,1626.86,1626.96,1609.83,171.07M,-1.36%
2015-09-22,1635.37,1640.58,1641.41,1628.24,132.24M,-0.25%
2015-09-21,1639.47,1661.54,1661.95,1638.83,151.69M,-1.80%
2015-09-18,1669.45,1680.58,1684.40,1661.56,193.86M,-0.72%
2015-09-17,1681.54,1670.96,1691.93,1669.40,274.29M,2.09%
2015-09-15,1647.15,1648.04,1656.08,1639.97,170.42M,0.46%
2015-09-14,1639.63,1605.14,1645.49,1600.70,165.70M,2.25%
2015-09-11,1603.60,1605.09,1612.32,1602.54,121.68M,-0.65%
2015-09-10,1614.02,1592.16,1614.02,1586.84,160.19M,0.66%
2015-09-09,1603.36,1597.90,1605.79,1596.67,196.83M,1.02%
2015-09-08,1587.12,1584.20,1594.91,1576.96,121.59M,0.27%
2015-09-07,1582.85,1578.50,1582.85,1567.91,110.46M,-0.40%
2015-09-04,1589.16,1602.05,1602.32,1587.61,113.69M,-0.85%
2015-09-03,1602.75,1597.51,1605.73,1592.67,117.20M,0.79%
2015-09-02,1590.19,1602.60,1602.60,1583.63,193.82M,-1.18%
2015-09-01,1609.21,1655.47,1660.22,1603.25,260.47M,-0.22%
2015-08-28,1612.74,1609.04,1621.24,1608.04,217.56M,0.69%
2015-08-27,1601.70,1582.75,1601.70,1579.98,195.81M,1.35%
2015-08-26,1580.37,1559.75,1585.59,1554.37,198.78M,1.05%
2015-08-25,1563.94,1515.73,1568.42,1503.68,225.75M,2.08%
2015-08-24,1532.14,1553.25,1554.08,1532.14,206.31M,-2.70%
2015-08-21,1574.67,1563.65,1583.38,1557.01,180.05M,-0.17%
2015-08-20,1577.41,1574.51,1579.66,1562.11,132.25M,-0.32%
2015-08-19,1582.44,1594.68,1594.68,1580.25,140.77M,0.18%
2015-08-18,1579.60,1573.09,1584.05,1562.88,170.29M,0.45%
2015-08-17,1572.54,1590.81,1594.46,1569.19,185.97M,-1.52%
2015-08-14,1596.82,1623.91,1626.90,1590.57,200.10M,-1.53%
2015-08-13,1621.62,1605.63,1626.86,1605.46,151.65M,0.73%
2015-08-12,1609.93,1629.21,1629.63,1603.26,161.40M,-1.64%
2015-08-11,1636.71,1653.44,1661.62,1635.77,132.56M,-1.07%
2015-08-10,1654.37,1672.57,1672.57,1649.12,125.87M,-1.68%
2015-08-07,1682.65,1692.33,1695.18,1677.22,130.17M,-0.71%
2015-08-06,1694.64,1720.85,1722.30,1694.64,156.21M,-1.79%
2015-08-05,1725.56,1723.53,1729.91,1723.22,84.74M,0.11%
2015-08-04,1723.73,1730.09,1730.81,1722.91,98.53M,-1.17%
2015-08-03,1744.19,1716.99,1744.19,1714.82,69.80M,1.22%
2015-07-31,1723.14,1701.31,1723.14,1701.31,135.59M,1.37%
2015-07-30,1699.92,1696.74,1706.26,1695.66,89.30M,0.05%
2015-07-29,1698.99,1699.60,1702.36,1696.72,121.79M,-0.04%
2015-07-28,1699.70,1708.62,1713.06,1699.70,136.92M,-0.59%
2015-07-27,1709.76,1710.97,1718.60,1709.76,79.48M,-0.64%
2015-07-24,1720.76,1720.01,1721.45,1712.49,76.68M,-0.10%
2015-07-23,1722.44,1729.57,1731.18,1722.44,80.96M,-0.41%
2015-07-22,1729.53,1731.12,1732.54,1725.52,114.84M,-0.38%
2015-07-21,1736.19,1725.43,1736.19,1722.61,88.92M,0.70%
2015-07-20,1724.13,1733.29,1735.75,1720.02,91.84M,-0.15%
2015-07-16,1726.73,1722.04,1727.50,1720.70,76.72M,-0.03%
2015-07-15,1727.26,1723.01,1727.26,1722.13,131.82M,0.36%
2015-07-14,1721.10,1720.06,1727.07,1720.06,94.68M,0.29%
2015-07-13,1716.11,1710.75,1718.39,1707.00,71.73M,0.03%
2015-07-10,1715.58,1698.26,1720.82,1698.26,86.08M,0.83%
2015-07-09,1701.54,1687.26,1704.88,1685.03,107.19M,0.34%
2015-07-08,1695.83,1706.47,1706.70,1693.35,136.70M,-0.96%
2015-07-07,1712.30,1714.27,1718.03,1708.64,112.75M,-0.28%
2015-07-06,1717.05,1728.43,1728.43,1706.60,94.61M,-0.99%
2015-07-03,1734.24,1737.23,1738.09,1724.50,84.75M,0.02%
2015-07-02,1733.88,1729.56,1738.67,1728.43,130.51M,0.34%
2015-07-01,1727.96,1709.77,1737.67,1709.77,147.51M,1.25%
2015-06-30,1706.64,1695.36,1708.38,1691.03,176.33M,0.87%
2015-06-29,1691.92,1709.35,1709.35,1688.44,115.42M,-1.08%
2015-06-26,1710.47,1716.64,1716.64,1709.87,86.63M,-0.37%
2015-06-25,1716.81,1729.58,1729.64,1716.81,139.05M,-0.86%
2015-06-24,1731.68,1727.59,1731.68,1724.47,114.32M,0.28%
2015-06-23,1726.86,1734.56,1734.97,1726.86,108.24M,-0.34%
2015-06-22,1732.76,1721.62,1735.90,1720.84,117.64M,0.64%
2015-06-19,1721.77,1718.71,1726.98,1715.83,188.86M,0.21%
2015-06-18,1718.12,1725.28,1727.30,1714.22,121.53M,-0.51%
2015-06-17,1726.86,1722.71,1728.06,1721.23,110.50M,0.27%
2015-06-16,1722.24,1721.16,1726.78,1718.44,94.52M,0.00%
2015-06-15,1722.16,1733.28,1734.40,1722.16,130.47M,-0.70%
2015-06-12,1734.37,1740.99,1740.99,1732.59,76.91M,-0.02%
2015-06-11,1734.76,1744.77,1744.77,1733.17,124.07M,-0.05%
2015-06-10,1735.63,1730.94,1739.48,1730.75,112.15M,0.38%
2015-06-09,1729.05,1737.53,1738.76,1729.05,97.21M,-0.60%
2015-06-08,1739.45,1736.07,1741.11,1727.01,89.29M,-0.34%
2015-06-05,1745.33,1743.16,1746.28,1737.88,80.46M,0.22%
2015-06-04,1741.48,1742.02,1749.20,1739.92,118.08M,-0.44%
2015-06-03,1749.17,1748.59,1750.68,1743.12,144.37M,0.45%
2015-06-02,1741.37,1743.48,1746.49,1736.57,151.63M,-0.12%
2015-06-01,1743.41,1751.82,1752.08,1732.27,133.25M,-0.24%
2015-05-29,1747.52,1751.35,1755.82,1746.06,262.31M,-0.46%
2015-05-28,1755.56,1757.91,1759.43,1750.72,125.71M,0.03%
2015-05-27,1755.05,1758.35,1758.35,1749.78,168.82M,-0.51%
2015-05-26,1764.07,1767.04,1776.07,1755.09,134.67M,-0.19%
2015-05-25,1767.38,1787.02,1787.64,1764.63,104.99M,-1.13%
2015-05-22,1787.50,1798.33,1798.46,1780.11,140.99M,-0.42%
2015-05-21,1795.04,1810.37,1810.71,1793.34,147.58M,-0.83%
2015-05-20,1810.11,1812.07,1812.59,1807.95,108.88M,0.02%
2015-05-19,1809.72,1819.02,1819.58,1808.07,96.22M,-0.76%
2015-05-18,1823.50,1813.52,1823.50,1808.79,84.14M,0.64%
2015-05-15,1811.92,1806.61,1811.92,1802.05,58.75M,0.24%
2015-05-14,1807.55,1806.12,1807.90,1803.63,113.68M,0.25%
2015-05-13,1803.02,1801.08,1803.68,1795.16,133.71M,0.25%
2015-05-12,1798.61,1798.64,1802.54,1797.01,107.58M,-0.38%
2015-05-11,1805.49,1809.22,1814.24,1803.57,96.73M,-0.12%
2015-05-08,1807.65,1806.32,1814.28,1805.35,133.49M,0.14%
2015-05-07,1805.10,1808.32,1818.79,1805.10,145.01M,-0.87%
2015-05-06,1820.97,1824.21,1824.21,1813.01,121.86M,-0.35%
2015-05-05,1827.42,1830.32,1830.90,1818.16,140.91M,0.50%
2015-04-30,1818.27,1840.29,1841.06,1818.27,166.93M,-1.34%
2015-04-29,1842.93,1855.10,1855.46,1842.84,131.63M,-0.65%
2015-04-28,1855.06,1861.59,1862.14,1850.04,115.76M,-0.24%
2015-04-27,1859.58,1864.69,1867.53,1859.18,118.22M,-0.16%
2015-04-24,1862.58,1852.99,1862.58,1849.71,119.18M,0.89%
2015-04-23,1846.08,1848.29,1855.70,1846.08,82.95M,-0.47%
2015-04-22,1854.77,1863.61,1863.61,1853.72,105.38M,-0.43%
2015-04-21,1862.80,1850.71,1862.80,1850.35,132.57M,0.76%
2015-04-20,1848.66,1844.25,1848.97,1841.10,100.54M,0.15%
2015-04-17,1845.86,1848.09,1852.95,1845.09,128.68M,-0.11%
2015-04-16,1847.94,1842.04,1849.22,1838.27,137.17M,0.42%
2015-04-15,1840.13,1837.46,1846.06,1836.37,160.92M,0.03%
2015-04-14,1839.61,1845.51,1846.31,1837.25,124.34M,-0.13%
2015-04-13,1842.08,1842.89,1847.50,1840.91,102.58M,-0.12%
2015-04-10,1844.31,1846.85,1849.78,1840.77,100.94M,-0.27%
2015-04-09,1849.39,1848.43,1849.77,1843.99,100.66M,-0.05%
2015-04-08,1850.31,1852.49,1853.21,1848.00,109.97M,-0.33%
2015-04-07,1856.51,1843.18,1856.51,1843.18,125.14M,0.74%
2015-04-06,1842.94,1838.30,1844.83,1837.51,92.50M,0.46%
2015-04-03,1834.52,1831.34,1836.82,1829.74,68.53M,0.14%
2015-04-02,1831.97,1827.66,1832.37,1826.28,127.53M,0.31%
2015-04-01,1826.31,1831.35,1831.35,1823.61,85.90M,-0.24%
2015-03-31,1830.78,1828.88,1832.85,1825.30,171.97M,0.49%
2015-03-30,1821.83,1815.52,1825.76,1815.02,100.40M,0.47%
2015-03-27,1813.37,1815.15,1818.31,1813.30,121.89M,-0.28%
2015-03-26,1818.42,1816.85,1820.52,1815.41,102.23M,-0.04%
2015-03-25,1819.10,1812.43,1823.19,1812.18,127.63M,0.28%
2015-03-24,1814.04,1798.82,1814.54,1798.24,120.97M,1.01%
2015-03-23,1795.85,1801.23,1811.08,1795.85,106.40M,-0.43%
2015-03-20,1803.65,1803.56,1806.90,1798.74,212.71M,-0.30%
2015-03-19,1809.13,1798.22,1815.71,1798.03,112.84M,0.64%
2015-03-18,1797.57,1790.32,1800.83,1787.77,119.16M,0.54%
2015-03-17,1787.87,1779.96,1789.40,1779.96,97.69M,0.41%
2015-03-16,1780.54,1777.28,1787.29,1774.30,105.70M,-0.07%
2015-03-13,1781.75,1784.98,1789.36,1781.75,93.21M,-0.29%
2015-03-12,1786.87,1780.75,1789.92,1780.65,130.34M,0.49%
2015-03-11,1778.16,1783.47,1787.23,1774.97,153.24M,-0.65%
2015-03-10,1789.73,1794.82,1799.05,1789.73,159.46M,-0.11%
2015-03-09,1791.74,1790.59,1795.76,1778.99,158.05M,-0.84%
2015-03-06,1806.96,1804.86,1809.65,1799.80,166.42M,0.05%
2015-03-05,1806.09,1819.66,1819.67,1805.80,207.28M,-1.07%
2015-03-04,1825.54,1825.66,1826.05,1819.18,146.22M,0.24%
2015-03-03,1821.25,1820.43,1825.79,1817.94,154.35M,0.23%
2015-03-02,1817.13,1822.91,1825.33,1812.35,139.43M,-0.22%
2015-02-27,1821.21,1822.27,1825.65,1811.74,191.17M,0.02%
2015-02-26,1820.87,1813.88,1821.67,1812.90,120.98M,0.28%
2015-02-25,1815.86,1818.22,1818.35,1808.65,143.94M,-0.16%
2015-02-24,1818.68,1812.01,1819.24,1812.01,146.63M,0.51%
2015-02-23,1809.39,1811.01,1812.75,1804.95,125.84M,0.08%
2015-02-18,1807.87,1806.54,1815.95,1806.17,64.91M,-0.12%
2015-02-17,1810.09,1808.41,1810.90,1804.52,83.60M,0.07%
2015-02-16,1808.89,1804.94,1809.71,1800.24,139.72M,0.44%
2015-02-13,1800.95,1791.68,1800.95,1790.31,149.30M,0.66%
2015-02-12,1789.07,1790.69,1791.00,1780.21,180.66M,-0.55%
2015-02-11,1798.95,1810.98,1812.08,1790.80,142.23M,-0.67%
2015-02-10,1811.12,1812.74,1816.62,1808.69,148.41M,-0.03%
2015-02-09,1811.58,1815.62,1818.31,1805.16,121.88M,-0.09%
2015-02-06,1813.25,1806.31,1814.30,1806.07,149.33M,0.56%
2015-02-05,1803.21,1803.79,1804.25,1796.41,146.02M,0.01%
2015-02-04,1803.02,1814.72,1831.41,1801.09,212.03M,1.22%
2015-01-30,1781.26,1788.36,1789.39,1781.26,166.39M,-0.05%
2015-01-29,1782.18,1791.59,1794.82,1779.17,169.14M,-0.76%
2015-01-28,1795.88,1794.76,1800.64,1790.02,160.79M,-0.40%
2015-01-27,1803.17,1789.96,1810.21,1788.55,171.84M,0.37%
2015-01-26,1796.44,1800.49,1801.06,1792.65,135.44M,-0.37%
2015-01-23,1803.08,1792.47,1809.33,1788.78,220.33M,1.20%
2015-01-22,1781.75,1767.74,1787.91,1763.68,218.99M,0.66%
2015-01-21,1770.09,1752.90,1770.09,1751.46,178.47M,1.14%
2015-01-20,1750.11,1754.21,1754.34,1745.64,123.14M,-0.18%
2015-01-19,1753.31,1745.50,1755.12,1745.50,130.85M,0.56%
2015-01-16,1743.57,1740.19,1746.24,1732.35,153.21M,-0.08%
2015-01-15,1745.00,1747.54,1750.94,1738.24,182.94M,0.17%
2015-01-14,1742.01,1742.66,1744.71,1736.77,182.00M,-0.39%
2015-01-13,1748.90,1726.54,1750.16,1725.98,147.55M,0.80%
2015-01-12,1735.08,1730.10,1735.08,1718.76,95.90M,0.15%
2015-01-09,1732.44,1734.61,1738.54,1725.81,126.25M,0.25%
2015-01-08,1728.06,1714.40,1730.18,1714.02,121.09M,1.10%
2015-01-07,1709.18,1714.70,1717.17,1706.18,171.02M,-0.43%
2015-01-06,1716.58,1730.94,1730.94,1708.78,146.06M,-1.15%
2015-01-05,1736.62,1758.43,1759.15,1734.51,98.14M,-0.92%
2015-01-02,1752.77,1757.15,1757.96,1741.45,63.58M,-0.48%
2014-12-31,1761.25,1759.76,1768.85,1755.93,140.84M,-0.32%
2014-12-30,1766.83,1765.80,1770.52,1753.95,120.58M,-0.09%
2014-12-29,1768.41,1757.65,1770.06,1753.97,77.02M,0.23%
2014-12-26,1764.44,1747.25,1765.61,1747.20,56.94M,0.84%
2014-12-24,1749.74,1740.45,1751.78,1732.15,73.51M,0.04%
2014-12-23,1749.05,1745.42,1754.27,1744.96,123.67M,0.29%
2014-12-22,1744.05,1723.87,1746.39,1722.67,113.31M,1.64%
2014-12-19,1715.99,1706.47,1720.78,1706.47,175.81M,0.94%
2014-12-18,1699.95,1688.03,1704.85,1688.00,162.02M,1.07%
2014-12-17,1681.90,1673.04,1691.99,1671.82,177.10M,0.48%
2014-12-16,1673.94,1688.74,1693.91,1673.94,179.44M,-1.38%
2014-12-15,1697.31,1715.87,1715.87,1695.60,182.22M,-2.06%
2014-12-14,1732.99,1732.99,1732.99,1732.99,-,0.00%
2014-12-12,1732.99,1745.04,1748.76,1732.99,159.89M,-0.66%
2014-12-11,1744.57,1748.17,1757.19,1742.35,116.89M,-1.19%
2014-12-10,1765.52,1732.76,1765.52,1732.76,137.72M,1.58%
2014-12-09,1738.10,1741.17,1741.31,1730.77,129.90M,-0.16%
2014-12-08,1740.84,1748.38,1750.42,1735.92,113.95M,-0.49%
2014-12-05,1749.37,1743.40,1755.94,1740.56,129.53M,0.21%
2014-12-04,1745.69,1760.25,1768.81,1743.62,168.12M,-0.71%
2014-12-03,1758.15,1788.15,1789.04,1758.15,144.54M,-1.56%
2014-12-02,1785.97,1779.54,1789.42,1763.55,148.64M,0.43%
2014-12-01,1778.27,1821.52,1821.52,1768.21,229.82M,-2.34%
2014-11-28,1820.89,1820.57,1827.16,1815.31,151.52M,-0.49%
2014-11-27,1829.91,1838.20,1845.76,1828.04,91.73M,-0.67%
2014-11-26,1842.17,1840.52,1845.08,1836.79,85.18M,0.20%
2014-11-25,1838.56,1833.49,1843.55,1830.48,171.66M,0.26%
2014-11-24,1833.77,1811.45,1833.77,1809.63,122.47M,1.36%
2014-11-21,1809.13,1817.15,1817.56,1808.13,126.50M,-0.72%
2014-11-20,1822.29,1824.66,1825.12,1816.97,111.71M,-0.12%
2014-11-19,1824.39,1818.00,1827.40,1818.00,110.32M,0.33%
2014-11-18,1818.38,1806.44,1818.38,1805.35,97.38M,0.66%
2014-11-17,1806.48,1813.53,1814.58,1806.48,76.84M,-0.40%
2014-11-16,1813.79,1813.79,1813.79,1813.79,-,0.00%
2014-11-14,1813.79,1814.30,1814.57,1808.70,105.28M,-0.11%
2014-11-13,1815.81,1817.84,1820.50,1810.73,121.68M,-0.02%
2014-11-12,1816.24,1818.89,1824.83,1816.24,123.31M,-0.49%
2014-11-11,1825.11,1831.03,1832.70,1823.27,111.42M,-0.15%
2014-11-10,1827.93,1824.47,1831.82,1824.05,95.74M,0.21%
2014-11-07,1824.19,1827.76,1841.40,1824.19,107.64M,-0.43%
2014-11-06,1831.98,1838.89,1844.44,1830.21,145.07M,-0.40%
2014-11-05,1839.29,1844.75,1845.08,1837.72,139.93M,-0.44%
2014-11-04,1847.36,1851.87,1852.06,1845.52,138.89M,-0.32%
2014-11-03,1853.34,1856.82,1858.09,1848.25,97.50M,-0.10%
2014-10-31,1855.15,1844.59,1855.15,1842.17,126.98M,0.67%
2014-10-30,1842.78,1839.31,1843.89,1838.04,129.45M,0.18%
2014-10-29,1839.55,1826.55,1839.55,1825.73,146.92M,0.76%
2014-10-28,1825.68,1823.13,1825.85,1819.37,121.01M,0.14%
2014-10-27,1823.15,1821.82,1824.37,1815.35,108.94M,0.24%
2014-10-24,1818.86,1814.32,1819.23,1810.02,107.26M,0.45%
2014-10-23,1810.68,1801.16,1813.13,1800.44,155.61M,0.81%
2014-10-21,1796.22,1803.82,1804.83,1794.66,88.87M,-0.38%
2014-10-20,1803.14,1790.07,1804.04,1790.07,144.17M,0.83%
2014-10-17,1788.31,1766.22,1795.29,1766.22,191.01M,1.16%
2014-10-16,1767.77,1784.84,1784.84,1767.77,181.47M,-1.07%
2014-10-15,1786.84,1796.21,1801.12,1786.78,146.24M,-0.53%
2014-10-14,1796.38,1791.89,1801.81,1790.99,146.18M,-0.05%
2014-10-13,1797.20,1808.21,1808.95,1797.20,103.74M,-0.65%
2014-10-10,1808.88,1822.91,1822.92,1808.09,133.70M,-1.14%
2014-10-09,1829.73,1825.18,1830.80,1824.95,117.98M,0.30%
2014-10-08,1824.32,1830.67,1831.79,1824.32,144.48M,-0.50%
2014-10-07,1833.54,1846.57,1849.47,1833.54,124.83M,-0.40%
2014-10-03,1840.82,1838.06,1844.06,1838.03,74.84M,0.17%
2014-10-02,1837.68,1845.17,1845.86,1837.55,113.99M,-0.41%
2014-10-01,1845.32,1847.00,1847.70,1842.60,93.59M,-0.05%
2014-09-30,1846.31,1844.56,1854.21,1842.35,162.66M,0.00%
2014-09-29,1846.34,1841.05,1846.75,1839.20,88.80M,0.32%
2014-09-27,1840.50,1840.50,1840.50,1840.50,-,0.00%
2014-09-26,1840.50,1840.01,1840.50,1829.24,102.14M,-0.14%
2014-09-25,1843.11,1835.64,1843.11,1835.64,91.51M,0.16%
2014-09-24,1840.08,1840.72,1844.77,1838.67,129.37M,-0.01%
2014-09-23,1840.19,1839.10,1842.15,1832.54,124.62M,-0.32%
2014-09-22,1846.05,1851.65,1851.91,1843.85,84.65M,-0.19%
2014-09-19,1849.49,1845.09,1853.68,1843.35,125.46M,0.23%
2014-09-18,1845.32,1844.86,1845.32,1836.90,93.76M,0.08%
2014-09-17,1843.78,1841.33,1845.74,1841.05,158.41M,-0.19%
2014-09-15,1847.30,1853.14,1856.16,1836.50,111.18M,-0.45%
2014-09-13,1855.64,1855.64,1855.64,1855.64,-,0.00%
2014-09-12,1855.64,1865.50,1868.05,1855.64,126.42M,-0.56%
2014-09-11,1866.11,1873.66,1874.67,1866.11,114.89M,-0.25%
2014-09-10,1870.85,1870.54,1873.79,1868.36,102.93M,-0.17%
2014-09-09,1874.12,1868.84,1876.21,1867.98,114.30M,0.16%
2014-09-08,1871.09,1866.26,1871.09,1865.53,100.80M,0.14%
2014-09-05,1868.46,1867.91,1869.84,1866.28,128.53M,-0.04%
2014-09-04,1869.21,1866.66,1869.21,1860.00,128.48M,0.23%
2014-09-03,1864.87,1872.26,1872.45,1853.48,118.55M,-0.15%
2014-09-02,1867.69,1865.46,1868.82,1860.67,116.17M,0.08%
2014-08-31,1866.11,1866.11,1866.11,1866.11,-,0.00%
2014-08-29,1866.11,1879.53,1879.53,1866.11,206.34M,-0.51%
2014-08-28,1875.68,1869.27,1875.68,1868.48,99.77M,0.18%
2014-08-27,1872.38,1862.02,1878.71,1861.73,145.82M,0.57%
2014-08-26,1861.82,1863.11,1866.57,1859.75,100.95M,-0.03%
2014-08-25,1862.31,1872.92,1873.66,1859.58,101.90M,-0.46%
2014-08-22,1870.99,1876.22,1878.87,1869.27,128.95M,-0.20%
2014-08-21,1874.81,1878.89,1879.62,1871.36,135.06M,-0.22%
2014-08-20,1878.89,1874.35,1878.89,1872.59,116.06M,0.36%
2014-08-19,1872.16,1862.97,1872.16,1862.49,105.76M,0.56%
2014-08-18,1861.75,1861.20,1864.20,1859.46,93.51M,-0.14%
2014-08-15,1864.31,1862.30,1864.62,1860.22,79.48M,0.15%
2014-08-14,1861.58,1854.87,1863.37,1854.87,109.85M,0.19%
2014-08-13,1858.04,1853.25,1858.04,1849.84,124.29M,0.41%
2014-08-12,1850.39,1847.98,1850.53,1846.88,88.15M,0.06%
2014-08-11,1849.32,1841.79,1849.32,1840.64,82.81M,0.51%
2014-08-10,1839.87,1839.87,1839.87,1839.87,-,0.00%
2014-08-08,1839.87,1864.68,1864.68,1837.28,114.12M,-1.47%
2014-08-07,1867.32,1870.04,1871.26,1864.72,97.14M,-0.14%
2014-08-06,1869.92,1874.10,1875.00,1869.47,97.41M,-0.36%
2014-08-05,1876.69,1872.55,1876.69,1872.14,88.39M,0.05%
2014-08-04,1875.80,1864.19,1875.80,1864.19,103.18M,0.67%
2014-08-02,1863.34,1863.34,1863.34,1863.34,-,0.00%
2014-08-01,1863.34,1866.11,1868.01,1861.60,94.68M,-0.43%
2014-07-31,1871.36,1881.68,1882.07,1866.47,141.42M,-0.37%
2014-07-30,1878.34,1884.08,1886.39,1877.51,135.46M,0.05%
2014-07-27,1877.34,1877.34,1877.34,1877.34,-,0.00%
2014-07-25,1877.34,1878.55,1879.59,1868.14,71.81M,0.02%
2014-07-24,1877.05,1873.66,1877.05,1867.78,94.33M,0.28%
2014-07-23,1871.83,1870.41,1873.70,1869.39,75.03M,0.03%
2014-07-22,1871.36,1873.62,1874.00,1868.03,91.61M,0.15%
2014-07-21,1868.64,1874.34,1876.83,1867.34,98.95M,-0.23%
2014-07-20,1872.97,1872.97,1872.97,1872.97,-,0.00%
2014-07-18,1872.97,1874.61,1877.34,1871.40,103.25M,-0.54%
2014-07-17,1883.14,1888.15,1888.15,1879.40,104.40M,-0.19%
2014-07-16,1886.71,1891.59,1895.02,1882.52,144.45M,0.10%
2014-07-14,1884.87,1883.77,1886.87,1882.22,89.68M,0.09%
2014-07-12,1883.15,1883.15,1883.15,1883.15,-,0.00%
2014-07-11,1883.15,1894.47,1894.86,1883.15,140.21M,-0.50%
2014-07-10,1892.62,1889.97,1893.19,1889.53,93.09M,0.08%
2014-07-09,1891.16,1888.43,1892.17,1887.96,95.83M,-0.08%
2014-07-08,1892.65,1893.89,1896.23,1891.66,132.33M,0.01%
2014-07-07,1892.50,1885.40,1894.72,1885.29,117.08M,0.40%
2014-07-04,1884.91,1889.29,1891.43,1884.91,86.54M,-0.20%
2014-07-03,1888.69,1885.46,1891.10,1884.77,120.77M,0.10%
2014-07-02,1886.84,1879.01,1886.84,1877.84,116.81M,0.41%
2014-07-01,1879.12,1879.24,1880.29,1876.60,76.76M,-0.19%
2014-06-30,1882.71,1879.83,1882.71,1877.52,131.16M,0.09%
2014-06-27,1880.93,1889.34,1889.34,1880.25,94.47M,-0.48%
2014-06-26,1889.97,1888.74,1889.97,1882.25,105.81M,0.02%
2014-06-25,1889.55,1889.53,1891.64,1887.68,109.23M,-0.15%
2014-06-24,1892.33,1884.30,1892.33,1882.14,133.96M,0.44%
2014-06-23,1883.96,1884.74,1885.33,1881.82,109.66M,-0.09%
2014-06-20,1885.72,1885.36,1887.54,1878.68,151.88M,0.23%
2014-06-19,1881.48,1875.40,1881.48,1872.64,108.20M,0.26%
2014-06-18,1876.58,1874.41,1876.59,1872.09,116.97M,0.11%
2014-06-17,1874.60,1874.10,1876.22,1870.10,118.12M,0.16%
2014-06-16,1871.58,1875.52,1875.90,1871.28,80.24M,-0.27%
2014-06-13,1876.74,1871.07,1876.74,1870.09,79.62M,0.15%
2014-06-12,1873.87,1877.67,1877.67,1872.27,91.12M,-0.24%
2014-06-11,1878.38,1879.47,1879.91,1873.59,127.83M,0.09%
2014-06-10,1876.61,1864.11,1876.61,1863.94,153.86M,0.69%
2014-06-09,1863.69,1868.59,1868.77,1860.24,87.66M,0.05%
2014-06-06,1862.70,1870.61,1870.61,1860.20,81.73M,-0.34%
2014-06-05,1869.00,1869.98,1870.60,1863.11,172.56M,0.20%
2014-06-04,1865.20,1868.63,1869.60,1862.84,88.66M,-0.39%
2014-06-03,1872.55,1866.37,1872.55,1866.37,169.89M,0.45%
2014-06-02,1864.25,1867.80,1876.17,1861.48,159.78M,-0.49%
2014-05-30,1873.38,1874.47,1880.84,1873.38,477.55M,-0.17%
2014-05-29,1876.62,1872.24,1878.67,1869.77,139.89M,0.27%
2014-05-28,1871.66,1865.23,1871.66,1864.98,148.73M,0.22%
2014-05-27,1867.57,1864.20,1869.79,1862.52,119.88M,0.26%
2014-05-26,1862.80,1868.23,1871.14,1862.27,133.37M,-0.34%
2014-05-25,1869.22,1869.22,1869.22,1869.22,-,0.00%
2014-05-23,1869.22,1878.39,1878.54,1866.34,121.74M,-0.31%
2014-05-22,1875.12,1878.09,1882.28,1871.50,151.40M,-0.10%
2014-05-21,1877.03,1881.83,1882.27,1874.14,139.33M,-0.22%
2014-05-20,1881.16,1886.14,1888.13,1877.63,125.20M,-0.31%
2014-05-19,1887.07,1884.88,1889.47,1884.31,149.91M,0.20%
2014-05-16,1883.34,1879.82,1883.34,1877.04,152.19M,0.19%
2014-05-15,1879.83,1878.01,1881.03,1876.39,157.78M,0.03%
2014-05-14,1879.20,1874.19,1879.64,1873.35,177.73M,0.70%
2014-05-13,1866.08,1866.08,1866.08,1866.08,-,0.00%
2014-05-12,1866.08,1863.13,1867.40,1863.08,87.33M,-0.03%
2014-05-09,1866.72,1859.70,1866.72,1859.01,119.27M,0.21%
2014-05-08,1862.84,1861.66,1863.94,1860.60,119.57M,0.13%
2014-05-07,1860.43,1861.37,1861.61,1853.31,110.71M,0.00%
2014-05-06,1860.43,1860.35,1864.23,1856.85,61.09M,-0.01%
2014-05-05,1860.54,1866.93,1869.38,1860.54,71.04M,-0.46%
2014-05-02,1869.08,1869.50,1871.69,1866.05,103.78M,-0.13%
2014-04-30,1871.52,1859.32,1871.52,1857.07,194.37M,0.66%
2014-04-29,1859.34,1852.27,1859.34,1852.27,131.45M,0.19%
2014-04-28,1855.74,1861.54,1862.97,1855.74,99.43M,-0.28%
2014-04-25,1860.98,1866.37,1868.29,1859.95,92.14M,-0.23%
2014-04-24,1865.28,1864.29,1866.32,1863.51,101.40M,-0.11%
2014-04-23,1867.35,1866.62,1870.89,1864.91,146.14M,0.05%
2014-04-22,1866.42,1862.90,1866.42,1861.90,139.18M,0.19%
2014-04-21,1862.93,1851.61,1864.94,1849.68,64.27M,0.55%
2014-04-18,1852.69,1848.70,1854.07,1847.38,50.63M,0.12%
2014-04-17,1850.54,1847.40,1852.13,1847.40,90.77M,0.28%
